age,income,balance,years_as_customer,loan_approved
56,21920,95872,18,0
69,126121,88648,3,1
46,96872,61779,19,0
32,101132,38452,6,0
60,22093,13266,6,0
25,32905,61607,16,1
38,141759,16940,18,1
56,175423,24003,15,0
36,50981,98408,2,0
40,93903,34815,14,1
28,90821,30869,13,1
28,129200,49297,14,0
41,102289,60107,13,1
53,136506,82793,6,1
57,98513,16682,2,0
41,170946,19622,16,0
20,158746,30408,9,1
39,70516,8837,14,1
19,89212,64210,5,1
41,153498,15407,16,0
61,150970,29309,16,0
47,110009,71918,13,0
55,181015,93190,17,0
19,64816,18895,4,1
38,24138,99087,7,0
50,111176,86912,6,0
29,95945,370,3,1
39,24017,486,17,0
61,30451,23762,4,1
42,113863,26613,15,0
66,30278,3196,13,1
44,63764,94937,18,1
59,143030,76349,13,1
45,152206,64839,8,0
33,82943,41916,5,1
32,115667,8572,16,0
64,74318,28225,18,0
68,123423,45853,11,0
61,123998,49390,3,0
69,80128,32275,15,0
20,41869,72379,10,0
54,25039,1105,3,1
68,172353,59896,16,1
24,132935,43209,7,0
38,30442,97175,13,0
26,93788,42487,1,0
56,139729,18051,10,0
35,47586,94244,10,0
21,73053,77400,5,1
42,106346,66961,13,1
31,87087,60156,9,0
67,163697,57175,7,0
26,54397,6849,6,1
43,78671,18976,7,0
19,136214,99794,7,0
37,86897,56866,1,0
45,177221,47078,15,1
64,156355,31113,8,1
24,158682,15401,12,0
61,194398,12884,11,1
25,34924,84360,16,1
64,133143,37563,1,0
52,130253,34414,12,1
31,120297,16142,0,1
34,20869,71492,18,1
53,117088,79464,10,1
67,21014,75257,4,1
57,30103,76693,0,1
21,130317,35135,19,0
19,184530,72232,12,0
23,102409,27862,7,0
59,43248,5190,5,1
21,194588,70199,16,0
46,180133,4331,11,1
35,175242,52186,0,1
43,28024,44648,2,0
61,105947,28549,13,1
51,194875,81782,7,0
27,170368,25761,10,1
53,111829,3262,13,0
31,112708,51259,7,0
48,106664,72572,2,0
65,169329,53472,6,0
32,163927,87858,18,1
25,105178,84667,3,0
31,121121,4677,15,1
40,40025,73508,12,0
57,155530,80865,19,0
38,83610,50617,18,0
33,90843,86029,4,1
62,127237,18595,4,0
35,194499,87459,19,0
64,150299,60148,3,1
41,189578,46926,1,0
43,25668,75271,12,1
42,198267,34457,15,0
62,93233,42531,1,0
58,175489,73263,18,0
46,101982,73300,16,1
32,126133,63171,4,0
62,30751,45771,17,0
18,66218,93135,17,0
42,146649,66354,7,1
24,27352,37289,14,1
26,108835,33892,12,1
41,117493,71196,12,1
18,48927,95057,15,1
61,192166,38409,19,1
25,121948,34470,12,0
41,49493,18385,19,0
28,51707,23296,1,0
68,158368,61716,2,0
34,176470,89152,14,0
25,55842,26382,18,1
52,33261,76675,12,1
52,96709,97596,4,1
50,115985,22419,5,0
22,126616,93321,13,1
59,87173,81238,3,0
56,51781,94753,18,1
58,33652,39291,6,0
45,25103,12397,3,1
24,45500,57888,1,0
26,120336,35169,6,1
25,186601,62182,2,0
29,133499,92476,14,1
51,169524,42249,0,0
50,69393,28341,1,0
65,182246,75603,9,0
40,186508,46144,15,0
41,67406,61772,14,1
54,83059,79360,14,1
52,167026,13444,13,1
61,102722,45647,13,0
57,32356,98843,5,1
39,148128,10974,13,0
44,22187,38383,16,1
52,97243,94826,17,0
18,55098,81552,19,1
52,172297,97648,18,0
54,154678,94049,16,0
64,77620,2956,15,1
31,183900,8077,7,1
20,146270,36490,6,1
18,177561,55612,19,0
22,34387,36159,11,0
43,89463,39710,8,0
31,153663,83536,13,1
56,199588,13806,19,0
44,111683,78345,0,1
26,82061,80391,9,0
32,101257,94924,16,1
32,81753,6458,16,0
43,104774,35524,16,0
59,162159,6853,3,1
30,181888,40477,16,0
68,43408,32222,17,0
49,144116,18320,19,1
56,151208,94154,1,0
66,37413,52243,7,1
69,133650,45615,12,1
49,79500,17352,19,0
21,104514,72833,14,0
47,76358,93476,19,0
54,86197,3203,8,1
40,183926,39267,2,0
56,96240,37941,2,1
62,36322,82809,1,0
32,133053,25368,0,0
60,26968,77186,13,1
46,47518,30984,16,0
53,71925,41941,12,0
30,131900,72918,18,0
49,113422,52683,14,0
24,21700,801,13,0
68,113782,47965,1,1
39,43199,85269,6,0
45,195661,9969,16,1
19,183187,35969,17,0
59,25520,82269,5,0
62,129814,32449,7,1
23,187527,91679,1,0
45,143364,25705,0,0
45,192677,60303,15,1
61,34955,28363,6,1
61,195121,30720,10,0
37,164989,9972,14,1
47,84925,33351,12,1
28,127216,36145,1,1
45,90269,87948,13,1
42,182026,89614,5,0
56,61458,88116,8,0
50,109037,56235,6,1
18,172185,14855,17,0
44,119977,36169,8,1
69,63939,46404,3,0
30,49345,19569,8,0
58,197385,54437,3,1
20,130107,48506,11,1
56,141866,25738,3,0
23,89166,6772,19,0
25,198933,90410,13,0
44,117406,19731,6,1
26,69298,10131,12,0
54,198293,66324,7,1
50,64942,54097,4,1
68,23453,81720,11,1
59,122811,96433,12,0
61,74935,2889,19,1
41,142439,9569,13,0
32,194442,87193,17,1
49,28328,75677,19,0
49,35534,85192,3,0
41,105280,87154,17,1
58,56320,77470,6,1
69,69170,88822,14,0
66,120546,7612,5,0
66,100201,51644,15,1
69,28640,32069,19,1
29,181121,81741,7,0
56,156690,27331,15,0
19,152992,55897,15,1
20,63937,13934,2,0
66,163279,10095,16,1
54,184044,91494,8,1
66,161871,18706,2,1
34,179988,43516,19,1
66,90463,97008,6,0
19,113500,34629,17,1
19,57158,46910,11,1
45,104607,88540,18,0
40,139639,20431,15,0
54,91696,56733,16,1
49,81510,40088,19,1
50,140076,44135,14,1
18,78692,38015,0,1
36,150841,31385,1,1
19,35810,70199,7,1
61,156198,38677,1,0
43,181081,12818,18,0
49,131718,88222,8,1
23,110932,63001,8,0
49,20192,23977,12,0
21,56413,49832,5,1
28,163888,40931,14,0
34,59082,83990,18,0
55,85048,78894,14,1
41,143130,72204,17,1
22,70940,45784,6,1
69,183202,9921,10,0
51,60142,34959,7,1
23,56468,32328,5,0
39,181770,8859,7,1
28,161727,89506,1,1
65,198969,74408,18,1
33,181147,84766,15,1
50,160431,26708,6,0
26,149048,18847,9,0
23,62056,55989,11,1
33,71831,92641,16,0
46,79191,4922,6,1
20,141948,69928,7,1
37,184344,52335,6,0
53,128117,13541,3,0
36,34671,19551,2,1
43,47048,19381,18,1
20,45963,55673,14,1
36,63954,22948,3,0
37,115430,92264,8,1
49,20717,59072,12,1
24,31676,67560,17,1
69,155506,82249,15,1
58,138696,2486,0,1
50,150830,66691,3,1
57,24994,10082,17,0
56,24234,84105,7,1
35,89300,7086,19,1
57,63949,67853,15,0
18,57405,70027,10,0
28,54872,15916,19,1
45,62215,15248,18,0
42,43185,68047,18,1
67,194514,24226,17,0
40,61153,25025,18,0
48,97535,48380,10,1
47,153653,7848,2,0
59,71717,14274,7,1
52,22763,54545,19,0
24,112910,96494,18,1
33,75480,35233,9,0
43,189831,16304,15,1
65,138094,11294,4,1
69,176379,26425,19,1
66,31064,68711,8,1
19,96848,93311,7,0
18,57548,9425,10,1
65,188017,91549,15,0
29,199009,93464,6,0
22,26476,44990,14,1
54,110101,73746,19,1
49,22382,68295,16,0
26,196348,16091,5,0
58,184474,2,14,0
52,178018,50411,7,1
36,99698,40958,6,1
65,173407,95696,1,0
33,65095,20707,12,0
20,149974,15248,5,0
37,47197,71309,4,1
41,147619,78322,19,0
50,42010,51720,0,0
41,175195,15037,17,0
69,107923,67421,14,0
28,153962,81867,9,1
66,150526,40612,2,0
25,129162,88031,4,1
53,140927,13450,12,1
55,28026,9491,7,0
57,84925,74804,1,1
37,88842,93293,8,0
52,53665,6791,16,0
65,29277,28314,17,0
42,193311,51883,12,0
52,198736,94119,0,0
42,68008,87086,11,1
46,34683,65629,19,1
35,151742,9967,19,0
63,168961,81754,4,1
35,195607,43220,7,0
19,98542,74163,14,1
52,74319,4947,2,1
33,112067,39419,5,0
58,172711,56131,12,1
53,167705,88714,11,1
50,185732,28876,18,1
21,88975,88444,17,0
50,183244,19971,0,1
31,121158,62539,6,1
38,31577,98120,11,1
65,97299,49228,9,1
37,40176,74495,11,1
25,195458,28261,10,1
24,83972,61260,3,1
20,140018,81371,18,1
34,192075,84793,5,1
50,39996,3346,8,0
65,120922,96343,19,1
29,106598,95954,9,1
68,55931,56176,4,1
39,144168,52300,12,1
39,186782,11340,8,1
63,143099,33012,1,0
47,54693,35393,17,0
55,186812,75133,0,0
55,128944,25557,11,0
62,37374,64204,9,1
68,101471,73273,1,1
25,65913,17276,8,1
44,143683,54639,1,0
44,64516,7310,13,0
51,107796,35167,10,0
38,46069,84880,10,0
47,138333,10391,16,1
50,104811,50621,3,1
45,138028,10892,12,0
64,59178,76733,6,1
50,52821,78586,15,0
22,36999,36142,0,0
65,58712,45679,12,0
36,191244,41615,0,0
21,53722,47553,10,1
52,30625,79071,5,1
66,26859,41002,19,0
34,192681,70658,2,0
61,194379,9852,11,1
45,130986,5387,4,1
47,41839,97295,8,0
46,47216,39994,11,0
63,72953,33725,9,0
23,69522,72682,18,0
52,155958,560,4,0
58,131249,56565,4,1
54,27485,1312,8,1
41,182527,18205,19,0
46,167839,11595,16,0
66,132701,87566,9,0
63,179525,21329,0,0
48,122638,68187,15,1
52,32226,75542,14,1
50,113405,35645,16,0
69,42588,87502,19,1
38,182781,93382,12,0
49,198860,87310,0,0
40,57019,69619,7,1
50,196020,33513,4,0
20,85133,8749,5,1
35,134444,30783,19,0
42,137603,60645,13,0
59,178598,82861,10,0
48,148585,53175,5,0
20,63395,84216,10,1
57,175103,62709,12,0
63,145814,17323,11,1
41,188773,50762,1,1
67,132599,88220,2,0
49,45939,64222,3,1
64,171396,34493,16,0
39,173939,58328,5,1
40,20203,12213,6,1
19,167616,97367,14,0
44,166971,46930,10,0
59,49063,27713,2,1
19,110880,72723,5,0
43,23748,98336,1,0
34,137269,32583,13,1
57,100764,79944,8,1
50,171956,22369,17,0
26,176255,47928,18,1
60,128036,68950,11,0
65,170331,19510,12,0
56,187031,12120,11,1
46,136525,99847,11,0
59,184529,98575,17,1
43,105679,5295,8,0
52,145829,20460,16,0
67,148216,14963,15,0
42,153175,77116,16,1
41,85901,87822,7,1
30,195607,27328,10,0
24,167175,84629,1,1
53,118046,21605,7,1
62,110012,44813,11,0
37,98278,46371,0,1
18,32391,47598,12,1
25,122476,60776,16,1
63,179973,72258,13,0
33,140721,40969,13,0
31,117537,36912,15,1
29,101159,38374,16,0
68,151040,72302,5,1
40,189509,62784,6,0
32,55503,49882,0,1
45,95403,15928,14,0
51,192330,21274,19,1
19,184796,34416,17,0
49,84286,86148,12,1
40,94842,60998,1,0
39,124927,29047,18,0
68,34908,43356,14,0
42,57228,37134,11,1
39,43386,67042,14,1
39,197826,51310,17,1
66,48302,80758,13,0
69,80815,12363,5,1
59,83344,85149,11,0
23,186690,44563,19,0
32,131603,30628,5,0
60,81114,69672,8,1
54,45525,46246,3,0
50,99818,11161,16,1
25,134589,89110,1,1
61,165406,92438,15,0
61,114715,2810,13,1
22,26644,59860,7,0
56,121154,77199,13,0
21,184005,71688,1,1
23,63469,65548,15,0
62,184759,62363,3,0
49,126609,11162,0,0
69,168447,87858,19,1
47,85206,73535,13,1
64,116462,7219,7,1
52,187679,70864,2,0
57,103178,3621,4,0
69,175065,89792,5,1
33,195458,44433,7,1
30,197359,76850,5,1
67,106724,66188,5,1
59,116393,54951,3,1
47,147314,81718,6,0
36,96312,36558,18,1
34,95324,15659,6,0
36,91196,34413,2,0
45,90014,10435,7,0
43,159282,53911,0,0
54,161994,28067,0,1
43,187361,87794,13,0
40,53340,93823,5,1
26,59850,69224,9,0
29,133711,73225,13,1
18,31094,1379,3,1
18,107959,27624,5,0
64,184490,91500,15,1
51,25741,88427,0,0
49,131585,57745,5,1
65,142564,51805,8,0
42,88798,12516,14,0
57,136026,79422,11,1
62,130130,85843,2,1
18,42164,24843,10,0
33,186667,5912,14,0
56,50257,21514,2,1
22,165283,87359,13,0
39,115989,57032,1,0
46,156304,28797,3,0
20,72691,6449,18,1
29,99768,1725,11,0
43,176685,81406,1,0
33,34026,9304,16,1
68,50908,73058,2,0
54,39610,13663,9,0
39,197718,70320,15,0
46,83185,75008,8,0
31,92567,94488,10,1
45,198646,75591,14,0
22,56182,95044,2,0
64,136136,12676,15,0
66,151642,25192,11,0
47,39288,24722,4,0
63,98824,7446,6,1
69,180949,4725,8,1
22,104425,85597,17,0
29,20917,88207,7,0
33,95602,57632,11,1
43,84575,66945,19,1
43,92518,73741,1,1
65,59104,16365,9,0
38,169134,65792,18,0
56,36999,64857,8,0
53,161013,15704,7,0
50,81169,50575,0,0
47,174542,29902,5,0
54,149744,1195,11,1
40,130684,53517,18,1
27,79821,34012,16,0
22,195507,11415,1,0
53,155601,39534,10,0
51,32192,21686,17,1
69,94102,77198,10,1
48,134894,28743,17,1
27,106795,32161,7,1
36,185159,61313,14,0
49,86677,2402,8,1
18,155699,63190,14,1
22,154327,52551,6,0
62,156285,13275,19,0
21,122412,28182,12,0
33,39404,14915,12,1
41,136545,909,0,0
33,176452,65908,19,1
19,170245,22620,3,1
66,43989,34112,3,1
45,128106,74051,3,1
49,44519,2431,12,0
44,42439,86590,1,0
37,138570,62175,14,1
41,34995,32624,3,0
29,43559,76121,5,1
67,109049,61264,2,1
52,156093,31958,6,0
50,118000,1695,5,0
50,172191,49932,2,1
68,59350,99323,3,0
60,197295,44225,9,1
54,45517,1403,8,0
29,173322,83346,5,1
20,109132,74391,19,1
18,79546,38636,10,0
50,125686,10839,6,0
57,108151,65546,17,1
27,23327,47829,3,0
60,140318,9230,4,0
61,180840,51977,3,1
46,193860,40232,3,1
30,135945,94792,12,0
29,66830,25651,15,0
48,72446,97919,13,1
63,166232,39963,10,1
19,185070,55872,1,1
68,178302,79198,13,1
67,160148,13739,6,1
52,89341,63294,10,1
40,51085,48356,3,1
34,75571,1789,6,1
43,165787,19420,15,0
25,148308,89297,5,0
46,25750,37606,5,0
43,133931,38640,1,1
27,98768,44135,7,0
43,55903,37067,6,1
51,183165,58420,13,0
68,111036,17357,8,1
58,107954,39851,14,1
24,185386,38262,17,0
21,199297,76853,11,1
67,103014,58643,18,0
62,186251,21534,12,0
28,137305,91270,6,0
46,176410,32872,9,0
53,52101,7689,9,0
42,22775,69103,1,0
38,131497,86268,13,0
53,65619,86310,12,0
27,196910,88731,5,0
54,170611,37412,8,1
26,77124,47734,12,1
41,85149,87793,8,0
52,46616,69930,12,1
66,188171,22228,4,1
52,81799,77924,13,0
65,110221,11319,4,0
53,134879,6475,8,1
35,45479,97091,7,0
66,197244,83694,6,0
56,119165,14728,7,0
49,75863,29545,2,1
41,193115,96636,14,0
40,102569,81686,7,1
49,166480,98750,0,0
54,36351,98412,6,0
29,155203,61756,18,1
66,64825,68775,1,0
30,31349,38699,13,1
40,64254,36821,17,1
42,58225,30615,14,0
52,32453,13746,13,0
58,169886,86457,18,1
47,169335,22745,18,1
34,97694,1245,16,0
66,35735,24853,18,0
37,166902,27632,15,0
65,67893,12856,19,0
42,195745,56893,18,0
39,147006,70641,0,1
30,65066,68049,18,1
36,154445,58182,6,1
66,161407,2801,10,1
53,174813,97881,4,0
29,30692,79431,16,1
58,198367,39749,10,0
36,65541,73757,7,0
29,185129,55654,9,0
26,86983,71574,11,0
24,170655,97567,9,0
45,173837,55381,12,1
31,174978,58601,17,0
48,140747,15082,9,0
69,105103,14648,18,0
36,197597,364,19,1
64,189302,34568,16,0
33,170592,79646,19,0
22,45566,71494,15,0
52,93193,74632,4,1
29,181206,7436,2,0
42,161417,86713,14,1
69,141015,26754,1,1
38,192257,60194,12,0
53,150956,24544,7,1
40,90744,60180,16,1
33,53455,63295,3,0
56,179090,12638,18,0
62,74219,65715,8,0
59,65991,69409,14,0
56,93616,83106,8,1
31,107438,17157,8,1
48,136841,45565,13,0
22,160558,69996,15,0
52,189934,65888,16,0
40,78870,56095,12,1
46,106694,64947,8,0
60,63856,87122,14,1
28,121407,70880,6,1
35,51379,4507,0,1
64,84729,43988,0,1
29,179450,98421,4,0
26,74353,16865,8,0
27,34031,27213,11,0
61,85982,55954,5,1
34,56683,57450,12,1
55,134091,4477,7,0
24,137797,62222,14,1
63,168690,6533,5,1
30,26587,49395,5,1
57,82790,23396,3,0
59,51480,12755,10,0
26,171599,865,17,0
67,43569,11173,2,1
44,31151,58905,2,0
19,64739,38097,11,0
22,52954,33371,5,0
46,129373,11254,5,1
54,186375,4018,7,1
55,54700,5192,14,1
36,143728,2015,17,1
25,86788,68916,19,1
65,91045,28343,15,0
62,188914,69306,5,0
18,164972,5829,16,1
39,147992,34381,8,1
69,100059,81081,18,0
34,21881,18263,17,1
24,184109,53260,4,1
42,152702,43306,5,1
62,40789,91211,11,1
21,146083,58418,10,1
53,108059,90898,15,0
23,66151,148,19,0
48,199992,1754,16,1
36,129388,26745,19,1
61,23262,72914,8,0
56,86981,55833,0,1
44,140951,20140,2,0
27,143099,74907,8,1
43,101972,60653,18,0
36,95485,92535,12,0
56,74722,61521,13,1
20,109499,78315,19,1
62,181004,31075,18,0
30,26901,30697,6,1
67,137473,54544,3,0
45,28597,9795,11,1
37,149631,64555,13,1
45,83909,52204,1,1
25,92391,69754,0,0
58,159335,64860,17,0
56,83293,51529,19,1
18,176877,11672,7,0
20,31874,54238,2,1
30,106402,96578,5,0
45,34079,35950,12,1
66,92779,11009,8,0
42,115408,47096,8,0
50,160090,19544,19,0
55,140606,55728,8,0
23,140062,29381,14,0
61,32100,25287,12,0
62,77021,64610,15,1
49,170872,68122,1,1
62,148126,68184,13,0
64,112446,40081,5,1
38,49437,83637,1,0
33,197747,45312,7,1
38,171014,87228,3,1
28,40862,72943,13,1
54,31669,82790,10,1
53,141219,80770,13,0
52,35916,52726,11,1
36,30878,22211,15,1
37,22985,29480,5,1
35,61235,47780,19,0
64,38931,57138,0,1
58,112876,90382,11,0
66,20336,42503,6,0
31,62933,57893,7,1
32,65536,46193,8,0
48,89504,61358,1,1
18,119214,80857,16,1
20,133936,78182,19,1
33,36279,22117,12,1
40,123751,59056,4,1
28,124433,58706,9,1
29,91386,70429,11,1
27,106124,9476,16,0
49,125750,82806,5,0
33,97485,55006,2,1
25,94055,87238,14,1
55,111911,69918,6,0
29,118618,63155,5,1
41,133892,67321,3,0
45,91128,45798,18,0
25,169180,77271,4,1
45,72495,30177,2,1
53,102806,96248,8,0
43,113185,82215,5,0
25,190591,43013,12,1
67,69649,82600,19,1
45,185596,96099,3,0
45,184957,53450,1,0
54,195441,98628,3,0
58,115402,47928,7,1
53,50676,92403,12,1
44,84093,45382,9,1
34,198836,99290,17,0
26,99414,85038,8,0
50,113095,760,0,1
37,92307,24142,12,0
30,115432,17290,17,0
45,51923,71035,14,0
65,137449,364,1,0
46,67574,56921,10,0
30,194463,19797,13,1
63,141757,32535,14,1
52,73664,46300,13,1
23,87384,47176,15,1
35,51027,16105,14,1
68,186536,7939,18,0
22,54485,79472,8,0
64,170528,42029,4,0
42,55554,15863,4,1
19,66922,78097,10,0
27,33409,10447,19,0
47,56639,96160,3,0
67,39692,46940,19,1
62,109037,77947,17,0
22,38074,85001,2,0
50,166621,19642,3,1
18,49963,96798,13,1
35,72265,95899,6,0
49,36061,67643,7,1
64,179882,7928,15,0
66,133502,48002,19,1
28,42800,84853,14,0
38,136192,25017,6,0
43,127228,79064,16,1
42,48054,13313,11,1
39,196469,1559,17,1
44,33233,50893,13,1
66,176140,15167,14,0
30,85727,80879,14,1
50,110610,38598,4,0
51,90453,7523,15,0
58,124135,49777,4,0
52,176904,28439,1,1
18,128464,81060,19,0
38,33682,13285,8,0
65,174455,10973,8,1
23,78160,22694,3,0
45,43666,35774,14,0
34,78817,4302,10,0
22,111198,22391,0,1
48,185714,4611,17,0
22,61830,9372,0,0
55,30234,24312,7,0
20,77616,14080,15,1
40,29221,80618,17,1
54,162482,96213,8,1
54,21051,20874,11,0
27,130529,62537,18,0
27,96918,73914,17,0
36,98116,1597,4,0
34,142226,11600,1,0
38,64757,3747,6,1
31,141008,79415,9,0
26,151379,78553,14,0
63,76889,24815,6,1
18,55944,84500,4,1
68,119555,94348,14,0
62,58134,24714,19,1
30,178395,18890,19,1
21,45954,61509,14,1
18,109959,61824,9,0
66,24992,4725,13,1
57,21961,43205,9,0
49,32497,20684,16,1
51,183623,91861,13,0
45,33255,57911,1,0
48,155639,98078,15,0
25,68847,13092,12,1
56,199075,95918,8,1
43,40389,39770,6,1
51,195595,25457,15,0
20,143802,71667,9,1
67,81576,90751,8,1
29,63919,62894,6,0
18,23358,61305,15,1
61,108535,12612,8,0
22,125982,78627,16,1
47,25698,37089,19,0
47,86809,95295,6,0
34,113079,52137,10,1
65,75805,559,7,0
64,182421,66249,6,1
40,95033,37361,18,1
32,118239,80720,19,1
54,150407,15261,11,1
38,64041,20372,6,0
31,51954,55355,7,0
19,28002,97676,6,0
28,89783,98560,5,1
68,127524,57920,8,1
56,144857,32544,12,0
55,39738,37,6,0
51,30703,43032,7,1
55,133776,78233,16,1
67,163464,41420,16,1
51,64724,97243,15,0
35,52299,91552,1,1
47,35641,34600,7,0
32,99534,48285,16,1
44,26305,62008,12,0
68,38782,89520,17,1
51,98257,5167,9,0
69,97963,432,1,0
55,141987,69687,1,0
50,171638,71947,13,1
41,144591,96324,15,0
32,87766,50903,6,0
47,26511,92159,11,1
59,134816,54149,13,0
68,177249,87640,3,0
34,24765,56768,3,1
22,171426,60184,17,0
46,43929,65792,2,1
21,179892,33439,0,0
27,131576,33257,16,1
34,180595,44674,6,0
27,91088,51248,15,0
34,97525,83602,4,0
37,33780,45371,18,1
41,26589,98282,6,0
22,185884,67996,13,0
51,113664,37297,1,1
23,197011,54273,2,1
19,124188,61256,16,1
30,113326,34743,15,0
60,60953,68752,7,0
60,85785,79803,17,0
65,39309,75117,14,1
28,74195,70051,6,1
68,45901,22076,8,0
64,174648,75312,5,0
40,182580,87483,17,1
33,45464,2963,17,1
48,36260,72322,13,1
28,144997,13866,13,0
33,55440,32305,13,1
25,115082,62403,3,1
21,125583,82896,3,1
57,76683,32813,14,1
21,144206,66729,14,0
42,192502,60686,17,1
20,153059,4512,13,0
49,176177,22666,0,0
20,98484,16630,9,1
44,164098,74519,19,1
46,88309,636,9,0
49,65927,3775,9,1
67,62946,67957,1,0
68,146503,64591,7,1
36,161449,78561,0,0
38,73592,74816,0,0
22,158419,11351,3,0
35,53776,55184,6,1
45,154855,95707,8,0
59,75798,69180,15,0
39,155370,81678,4,1
38,90204,73309,1,1
23,106207,94002,10,0
18,120356,10778,17,0
22,80652,12501,18,1
58,185556,2108,12,0
29,149572,94905,10,1
43,40922,36382,19,1
63,185100,91354,18,1
51,171388,75787,16,0
66,96996,23341,4,1
31,168040,77214,12,0
43,50266,14367,19,0
62,175072,95208,0,1
44,165083,69868,9,1
26,22866,12002,7,1
43,132669,85820,7,1
64,25898,59949,18,0
39,38395,15700,5,0
64,190091,79305,11,1
47,24006,62543,6,0
60,185465,29318,15,1
65,30956,89859,8,0
34,157150,27610,9,0
43,180703,72499,9,0
53,115676,73374,9,1
18,141724,65226,19,0
25,82901,45167,15,0
66,127227,77779,0,0
52,137192,27939,16,0
69,192646,61365,13,1
32,51417,67381,18,0
64,108020,46710,16,1
39,103639,16766,13,1
31,114881,12780,7,0
43,190526,48458,8,0
45,152659,56221,7,1
40,141688,1509,12,1
31,135584,89493,16,1
41,106567,34346,18,0
19,95886,82799,6,0
62,169888,46874,16,1
43,49432,26148,0,1
31,199689,31533,4,1
68,92373,78467,5,0
24,185289,1359,1,0
20,40884,90068,15,1
64,25454,60313,4,0
40,94960,20344,4,1
63,122421,69778,11,0
60,63618,20601,2,1
64,67111,19116,15,0
62,190685,56985,5,0
35,140592,30782,14,0
55,79993,49819,14,0
52,148652,84416,15,0
68,159920,69035,19,0
32,98672,97123,12,0
42,86125,44458,11,1
54,137509,91556,9,1
45,81602,8080,13,1
27,62222,88743,1,0
56,69223,33957,2,0
34,85333,13908,8,0
56,142650,96188,10,1
39,69420,95880,10,1
43,95504,90570,9,1
61,22462,91324,13,1
42,29460,78287,8,1
34,119319,47482,19,1
30,160347,99329,9,0
37,164341,98375,8,1
42,149593,38314,4,0
21,142672,74921,7,1
27,92920,83768,10,1
20,42553,15831,0,0
58,175438,20125,9,0
62,64036,62451,0,0
35,168441,45708,6,1
64,162867,17682,13,1
53,90021,82824,4,0
64,127205,35794,16,1
39,181215,59372,5,0
51,180497,39477,15,1
64,108209,53863,10,1
25,95139,89941,9,1
57,25368,38737,14,0
66,155693,2620,6,1
61,78829,35057,1,0
36,149036,40138,11,0
59,34719,79390,18,0
58,49227,53024,11,0
54,129430,9677,15,0
23,158638,44111,5,0
69,32306,24074,2,0
43,73822,17824,1,0
51,44042,765,19,0
62,166158,45439,4,1
23,168459,97151,10,0
54,178114,48926,2,1
50,109424,36860,2,0
39,169395,12975,4,1
38,38019,74877,10,1
23,95426,93677,2,1
23,60863,77870,12,1
65,131023,81371,7,1
21,161355,26548,19,1
47,169351,90575,9,0
28,66999,98066,1,0
47,82780,38736,3,0
48,42908,61562,17,0
41,146278,40409,18,0
26,133002,84101,3,0
20,189024,9834,19,1
68,120706,840,8,0
48,188735,79409,15,1
57,142019,31568,5,1
54,129708,10846,3,1
53,199001,5899,8,1
41,29343,86038,12,1
48,96173,66101,8,1
23,120260,38773,5,0
19,190863,74723,18,1
37,180206,72762,13,1
45,198173,4311,14,0
28,89443,56888,2,0
21,77530,41616,4,0
32,197871,52134,17,0
23,155899,91225,13,0
66,116143,6083,15,0
47,164771,12598,13,0
55,134527,82476,8,1
68,156385,92416,14,0
19,164670,2580,6,1
32,131362,57395,13,0
28,48807,42321,5,0
25,196298,9386,14,1
43,79550,53171,19,0
68,23558,19522,7,0
62,70113,65532,1,0
61,72999,91760,7,0
22,187415,14635,0,0
23,78219,671,16,0
43,186258,33545,18,0
21,188038,54079,4,1
36,184841,26855,19,0
37,73218,35790,15,1
50,39229,51012,6,1
37,95209,14260,6,1
66,47877,65139,17,1
29,117137,1074,17,1
64,58084,42676,1,1
18,101780,9475,14,1
43,167878,78414,13,0
31,57034,15120,17,0
55,191389,23147,8,0
54,75468,1986,13,1
28,170166,32430,4,0
53,30589,55479,10,1
30,77221,82966,7,1
60,21657,2176,4,0
20,118300,84258,10,1
50,137229,84153,4,1
23,59531,61918,16,0
67,72227,27115,3,1
27,23164,77442,14,0
22,113078,40002,18,1
40,61247,57124,1,1
27,170673,6610,16,0
61,70599,49752,11,0
19,155624,78947,16,0
30,160489,74716,9,1
57,88207,47993,17,1
19,92055,10073,18,0
37,122266,37251,17,0
18,98270,96496,12,0
54,131426,71437,13,1
26,154794,38897,15,1
34,90442,50906,17,0
26,115632,51616,17,0
28,191103,4482,15,0
32,41438,90964,16,1
41,78819,72936,6,0
55,63856,39574,11,0
52,184648,43284,1,0
47,61938,72932,9,1
48,79807,7338,4,1
66,69877,42718,2,0
22,63461,12500,18,1
61,113474,11545,12,0
67,191541,61480,11,0
31,103136,5241,2,0
28,40435,89314,5,0
26,165263,22821,13,1
51,104726,4695,3,0
29,178458,77066,12,0
52,182793,14318,18,1
52,74786,50934,17,0
18,33704,22331,2,1
57,76635,52672,19,0
39,153195,91891,5,0
46,110710,76860,15,0
25,82993,93685,19,0
28,132752,68754,2,1
58,176488,85677,11,0
54,152886,2837,18,1
31,98537,40077,18,1
47,70258,79915,3,1
52,167580,4239,0,0
38,105166,86348,1,1
54,133710,29669,12,1
22,55699,48624,12,1
36,66335,75147,1,0
31,66806,4150,18,0
43,97853,11109,15,1
21,55739,99750,11,1
42,54785,26016,0,0
62,183052,11936,8,1
59,105016,11036,16,1
42,152681,39236,9,1
35,86253,14021,17,0
57,111128,36943,18,1
25,179213,81007,6,1
56,181081,50016,18,0
57,147581,23244,14,1
31,130966,63027,8,0
49,157854,38985,9,0
68,119352,1502,19,0
55,177005,53836,19,1
50,97154,99714,3,1
40,159379,3770,5,1
32,128297,42865,3,1
50,58346,53811,4,1
42,132138,4001,8,1
34,70772,60848,11,1
50,60149,52635,7,1
64,106700,20946,4,0
19,178598,66134,10,1
31,116758,95852,10,1
57,148447,91103,12,0
57,25695,92044,13,1
68,59169,43744,7,0
56,67947,39159,17,1
68,198296,95812,18,1
23,65865,23671,11,0
23,176625,16450,11,0
20,124501,14908,17,1
24,80410,57275,9,0
68,123754,44358,6,1
25,110895,49047,17,1
59,175888,35518,11,1
69,70705,57813,13,1
32,135700,96748,14,1
64,93914,6806,15,1
46,21881,40891,1,0
50,190639,83551,17,0
69,67365,39220,11,0
47,99211,17158,15,1
56,176078,80992,12,0
44,61198,27588,19,1
53,173903,62576,16,0
46,120649,88027,17,1
55,167531,24188,2,1
50,183515,92615,9,1
54,193388,58830,0,1
44,156949,4019,5,1
50,59553,12419,2,0
21,155994,33697,18,1
39,142778,84932,3,0
19,137018,95428,19,1
27,155758,7973,2,1
22,52766,86649,7,1
27,52006,11136,7,0
50,51422,84739,6,1
55,136590,62502,1,0
30,32205,31285,5,1
48,174599,23039,15,0
64,169515,66720,9,0
53,167596,88263,3,0
62,136477,59155,12,1
41,48202,16911,9,1
69,197214,916,13,0
32,81692,59052,8,1
46,40855,69110,10,1
25,45095,17790,17,1
22,189796,83161,10,0
46,69241,5206,16,0
64,123119,85053,1,1
21,72003,49950,2,0
29,114837,56361,10,1
62,114283,61451,17,1
19,167044,37696,2,0
44,143805,81641,14,0
48,113846,68226,10,1
68,42927,46728,10,1
68,140589,55401,19,1
53,135657,66226,10,0
53,86630,25103,18,0
43,124428,34263,0,1
60,142035,76621,4,1
44,146244,50044,9,0
22,89518,57730,9,1
37,196355,25825,13,0
28,101326,76256,1,0
27,163277,37271,3,1
57,140243,77256,1,1
55,32748,46732,17,0
23,172169,66433,12,1
25,154164,82630,18,0
40,73311,23572,4,0
64,42692,38546,19,0
43,144954,15150,1,1
63,174934,54165,10,1
60,150035,63690,17,1
29,99507,53664,5,0
43,100152,82335,9,0
30,24926,75199,16,0
57,23969,36948,10,0
35,55733,37030,18,1
42,89855,27007,16,1
50,61743,91207,3,1
64,150193,90921,13,0
57,190948,76772,19,0
60,127445,22024,3,1
29,40323,39384,13,0
61,36428,82912,3,1
53,54578,18157,5,0
65,106486,85481,8,0
21,84140,88553,11,0
22,127325,1756,7,0
54,103829,68112,3,0
25,26364,91003,4,1
59,148867,96741,5,1
66,186421,58051,4,1
45,151763,64595,18,0
48,115598,78210,7,1
26,196968,43094,8,1
68,77062,87889,14,0
46,164933,95385,3,0
31,108302,4535,8,1
57,83928,56035,6,1
58,61347,47367,7,1
39,23121,17118,14,1
28,103793,59812,18,1
40,48164,59884,14,0
18,45491,66168,4,1
63,79222,13280,18,1
54,174237,14746,6,1
38,23748,53251,5,1
43,46553,84821,18,1
63,136547,83583,16,1
53,80380,10207,9,0
40,64331,71127,18,0
18,140617,27757,10,0
68,59560,16226,14,1
57,73865,95268,9,1
32,197758,61407,10,0
38,95910,27206,2,1
64,155747,20256,2,1
26,97986,33822,17,1
26,30068,41340,10,0
27,74460,52234,19,0
69,120766,43351,17,0
43,66418,48671,14,1
58,46206,75320,6,0
52,148180,35157,9,0
69,20287,19937,19,0
42,42337,54290,9,1
43,171738,46707,12,0
28,152233,11219,14,0
55,120667,9399,17,1
19,110071,98848,3,0
24,118064,27657,19,1
35,189823,20047,16,1
44,126511,76095,2,0
51,165830,85693,1,0
44,23178,72154,3,0
34,51831,44891,0,1
60,153248,6780,14,0
61,123306,27050,0,0
68,184726,73551,5,0
41,177699,68666,6,1
42,132025,93619,18,1
24,195982,82016,11,1
69,110417,53010,0,0
23,186494,38165,6,0
41,31984,11528,18,1
50,109312,49608,12,0
66,103291,5914,11,0
46,27135,37136,11,1
60,20320,11179,12,1
39,172756,86008,13,1
43,108774,12076,11,0
45,172961,24783,19,0
67,118071,46716,11,0
38,199971,50298,5,1
66,161842,54304,9,1
24,190393,79360,19,0
34,129863,69835,8,1
37,61777,8118,1,1
58,66250,76292,6,0
66,93034,56911,8,1
37,124940,73489,11,0
39,60130,15185,4,1
45,153609,41792,0,0
57,35216,80210,14,1
66,104149,50613,7,0
24,23009,33927,0,1
18,109904,386,17,1
49,180399,92153,12,1
30,165281,72728,0,1
47,199515,76281,4,1
40,35029,30020,17,0
68,122171,42678,15,0
36,134456,86695,9,0
49,82559,61394,3,1
47,84892,68945,0,0
46,90409,56414,7,1
66,159707,54816,4,1
62,53065,55918,1,0
46,140544,91281,16,0
47,127340,62694,6,1
33,53783,29455,16,1
57,54152,38735,5,0
36,78741,94702,14,0
35,127049,93608,4,1
18,49092,12109,14,1
31,168725,45802,17,0
68,191541,68020,17,1
64,106483,34622,5,1
67,141585,2597,1,0
19,79754,40597,16,0
45,181050,40954,3,1
66,107592,69519,11,1
67,114543,56115,18,0
47,63169,43151,1,1
55,199359,17040,1,0
68,74745,44772,13,1
21,130168,96090,14,0
18,133985,63832,19,1
25,25543,27916,1,1
46,41067,44871,3,1
56,71033,26372,18,0
20,65256,61707,8,0
49,173263,39080,6,0
27,106803,42722,12,1
27,138843,29048,11,1
36,48992,85205,2,0
63,68803,9777,12,0
51,129975,54711,14,1
50,164282,36331,13,1
40,46270,20968,8,1
45,156269,53969,12,1
49,27452,11292,3,0
67,61486,40794,7,0
24,34859,79459,2,1
46,178308,50192,1,1
25,182971,27703,18,1
18,52083,84193,7,0
20,87708,69165,16,0
41,131462,67650,12,1
40,167735,56516,6,1
25,113076,99981,8,1
64,39053,91110,11,1
54,162157,97885,13,1
20,181636,22257,13,1
68,109745,83509,14,0
50,89517,91273,2,0
45,172225,51672,14,0
64,156319,63308,18,1
25,161625,77583,19,1
51,171883,22113,13,1
52,157207,694,7,0
49,156645,15588,4,1
41,99267,61756,18,0
31,158261,64085,3,1
49,100077,61142,13,1
63,194718,64373,15,1
60,96623,85603,19,0
33,151004,6704,5,0
21,73687,40136,5,0
69,88312,67507,2,1
54,127615,47361,14,0
38,150976,58847,2,1
31,47564,11441,10,1
48,48835,97012,2,0
65,27697,14677,9,0
35,100165,27818,17,1
24,168118,1868,0,1
27,77823,83591,15,1
24,29615,67264,15,1
50,156132,73168,9,0
40,150499,12043,0,0
38,96436,71939,3,0
36,140562,15732,2,1
65,91117,55244,4,1
36,54782,18526,11,1
53,98533,9340,11,0
46,92684,22394,12,1
35,99558,98557,11,1
19,101422,4102,15,0
18,176328,19159,12,0
64,181077,65092,4,1
22,26638,6212,3,0
37,57419,97360,14,1
28,53377,37405,11,0
59,126244,77061,18,1
19,194188,94296,18,0
20,187706,55186,10,0
40,43382,44239,5,0
29,173466,92993,8,0
37,87789,10532,0,1
22,130634,79054,11,1
54,151936,72012,13,0
55,119572,85279,5,1
47,191294,66540,0,0
26,164738,3271,1,0
51,143664,45482,10,1
61,172027,209,2,1
52,130674,90999,9,1
69,123533,5539,5,1
39,101845,19977,5,1
61,89590,74142,19,1
41,147775,99588,1,1
34,86471,68684,9,0
27,63298,99072,5,1
47,68924,5607,16,0
63,167781,85122,13,1
40,29726,94786,4,1
49,60542,51939,16,0
34,171317,18594,1,0
67,54753,58382,8,0
68,99788,7399,11,0
34,41316,25117,18,1
31,104698,98662,6,1
26,35960,33617,8,0
57,50791,7498,15,0
19,45216,50624,19,1
62,183539,9628,10,1
42,84427,329,11,0
56,132470,38619,14,1
26,93290,7032,17,1
39,67014,48094,18,0
60,155150,38034,15,0
63,70519,86158,14,0
21,24042,55264,4,0
43,69052,94120,10,1
46,34389,47850,14,0
62,115961,4722,17,1
51,88111,17772,12,1
40,125058,86105,3,1
54,113715,41679,16,1
28,70733,68771,3,0
23,54754,4576,15,1
35,169696,26707,14,0
38,105886,99404,13,1
59,177753,41632,11,0
53,109524,41476,2,1
58,101006,30285,9,1
55,44704,24154,7,0
51,114913,20054,5,0
34,114108,17165,13,0
54,27493,14439,16,0
42,89639,44518,18,1
55,74383,88051,15,1
29,154066,26962,14,1
40,67234,53934,14,1
59,198363,37763,0,1
39,148674,64094,11,0
38,25594,19464,9,0
44,27371,42036,13,1
48,67315,95949,9,0
23,147251,33270,9,1
44,99526,42299,19,1
57,167698,85805,10,0
51,106005,31541,15,1
29,125573,73545,8,0
62,158202,82543,14,1
24,157900,91998,13,0
27,77514,77078,18,1
62,168955,82970,8,1
34,194131,29765,3,0
43,194004,23769,6,1
38,95986,88001,7,1
45,105959,87404,7,0
63,22035,20156,18,0
19,129767,85836,14,0
60,191817,50481,15,1
18,37241,13435,8,0
68,72975,69650,11,0
53,174226,46336,15,0
68,176697,36135,3,1
43,196022,73631,4,0
46,76396,37909,7,1
38,138920,69487,0,1
28,164403,21468,5,0
57,106226,92609,14,1
28,104719,47655,3,1
53,83014,34341,10,1
66,59346,64182,4,1
56,90411,51786,17,1
57,163326,68304,14,0
52,179693,46514,17,0
51,96441,33979,19,0
64,66121,90887,12,1
41,80197,80981,4,0
39,104577,55107,0,1
22,114634,1160,17,1
50,193503,87897,13,1
53,120211,72577,4,1
64,155909,84303,5,0
37,163687,10846,15,1
36,21466,19924,11,0
52,50771,13882,19,0
69,103886,80274,17,1
60,85911,86555,1,0
34,171818,1095,12,0
62,108422,40983,16,0
60,93369,14123,16,1
51,21893,93668,15,1
26,50573,66615,17,1
43,116907,95193,7,0
19,191946,45278,2,0
26,119956,97911,16,1
26,138580,90290,17,1
57,184439,51999,5,0
34,172271,31153,7,1
18,111404,18344,12,1
42,77724,99777,7,0
60,106133,37656,18,0
57,187477,70515,5,1
59,35989,1212,14,1
42,48931,9001,9,1
56,29290,78784,16,1
52,189439,98723,0,0
20,141136,81144,6,1
67,99878,36427,12,1
54,110477,31368,2,0
61,146299,70819,18,0
61,181205,61160,14,0
68,125686,25854,4,0
47,178124,10715,10,0
55,127286,81701,17,0
51,60475,58784,2,0
29,102666,99644,5,1
36,116622,26797,2,1
54,155705,47573,4,0
61,168376,76120,8,1
66,127573,14780,18,1
34,66546,37905,12,0
27,27008,21573,5,0
66,68291,33359,10,0
64,178477,66062,13,0
29,56386,73391,5,0
33,110909,43463,5,1
41,171899,99596,16,1
36,53040,95018,10,0
25,80354,16571,14,0
48,98543,97276,8,1
38,38157,19142,16,1
34,55315,25104,6,1
40,55932,8625,6,0
54,172236,39199,0,0
33,165486,15926,7,1
23,165399,31218,4,0
25,133880,44472,18,1
42,152018,91916,7,0
35,34693,20566,16,0
42,47241,56125,18,1
29,135194,33205,11,1
32,115790,29717,14,0
43,166612,49984,3,1
58,92255,25135,11,0
62,192275,28164,12,1
43,176153,74489,13,1
64,31350,38562,4,0
49,76809,69110,15,0
27,121894,20169,6,0
33,117557,59858,14,1
24,193904,21604,12,1
34,179441,89670,15,0
40,51728,88738,11,1
43,37576,684,6,0
38,180073,8007,15,0
39,103384,41787,12,0
24,20390,49582,2,0
31,65436,74791,14,0
32,31569,97798,2,1
24,164101,83629,6,1
26,42490,5782,17,0
68,65875,66770,13,1
65,25867,57645,17,0
25,100820,99724,18,1
67,119515,31996,13,1
40,29121,29204,19,0
46,21539,17152,5,1
35,168099,55186,7,0
48,147402,90555,6,1
47,94229,85024,19,0
69,159993,19689,17,0
56,70435,50690,17,0
52,161382,94042,14,0
35,83965,83251,19,0
59,131048,57320,18,0
56,116444,64226,1,1
34,89922,56091,7,0
31,117799,79301,10,1
48,113948,21942,17,0
41,163314,38712,12,1
52,28947,65277,8,0
61,68785,49632,8,0
62,139963,38031,16,1
51,20507,20478,6,0
20,178223,22551,8,0
54,31618,48068,0,0
60,94286,93608,1,0
57,36122,35561,3,1
43,158426,2892,13,0
40,129598,99502,3,1
61,182051,24395,1,0
56,106436,18756,7,0
32,156109,87710,17,0
66,48633,34651,18,0
21,44495,66333,13,1
46,84550,73745,19,0
39,56483,49306,9,0
42,133181,21346,16,0
30,54069,28024,7,1
35,158442,94950,13,1
50,139873,40818,7,1
33,136843,5947,4,1
62,91947,75153,15,0
59,190205,86240,7,0
61,115761,94238,9,1
19,133753,67428,7,0
52,151764,29754,8,0
59,48926,63355,17,1
51,119782,58241,2,0
47,124700,68960,16,1
30,93984,13418,19,1
30,194462,95422,14,1
35,69593,88593,16,1
49,95609,55184,7,1
49,25209,4833,1,1
52,146700,75430,16,0
56,157605,41833,17,0
63,106597,565,4,0
69,27211,40180,8,1
46,29927,18402,8,1
66,137333,42845,1,1
46,175666,75851,1,0
61,96382,12834,18,0
33,159005,67850,2,1
61,123780,37180,16,1
64,60696,3883,13,1
27,87616,75587,13,1
47,157161,11695,13,1
42,177195,23123,5,0
56,158869,58481,2,1
37,70013,73438,0,1
22,159418,17573,15,1
18,184744,94910,3,1
47,168725,56494,0,0
66,69556,12288,16,1
20,143723,46978,17,1
62,46140,72420,7,1
31,21184,76095,1,0
47,185565,54672,17,1
67,195220,61821,15,0
21,175918,83661,9,1
35,131361,69224,7,1
54,173267,89405,11,1
42,25606,54796,15,1
65,155028,44706,11,1
18,36555,4023,10,1
63,110385,82636,19,1
32,169762,36735,18,1
26,78502,72959,0,1
32,199921,39218,2,0
66,177419,12213,11,0
41,123844,98694,8,0
21,111321,28460,4,0
29,69056,64680,0,1
54,118234,31017,9,1
54,61850,98536,16,0
60,47843,92038,3,0
23,82320,30990,14,0
56,49793,19515,18,0
63,190588,29991,7,1
41,168929,7634,14,0
28,39627,77034,6,1
30,81822,76452,14,1
51,75798,29377,7,1
42,195188,33001,9,0
24,95318,1391,17,0
69,124186,65206,3,1
21,107902,42215,14,0
25,179629,79720,10,0
37,91334,27114,2,1
46,126719,11882,14,1
68,143099,17273,2,0
62,193686,45647,14,1
63,32720,82665,5,0
27,77608,64892,0,0
60,127449,42679,13,1
51,122828,427,15,1
43,146613,96952,0,0
58,92095,66267,16,1
66,125924,799,7,0
20,116452,55659,17,1
23,107593,94409,15,0
22,186964,7025,5,1
22,126975,14481,9,0
64,97242,25411,9,0
40,136041,96894,4,1
66,146202,14961,11,0
26,97606,21767,19,0
52,143769,51690,16,0
37,138542,52870,13,0
66,126438,36135,13,0
59,20924,64514,2,1
52,71322,86928,11,0
67,177550,78798,19,0
35,91042,70765,17,0
34,66418,23772,11,1
41,120699,18799,1,1
20,110140,23555,1,0
49,31781,92152,16,0
52,156587,19333,9,1
55,137358,4261,17,1
30,56133,69002,18,0
64,117628,46553,0,1
42,96946,3088,3,0
26,105058,45783,3,0
21,160167,1115,1,0
31,171542,70114,18,1
54,63129,68126,11,0
51,28531,72908,9,0
28,57038,69109,12,1
58,107939,2978,19,0
20,62674,9422,14,0
45,147572,43626,2,0
46,49831,89233,19,1
26,77174,56174,12,1
20,31279,96356,7,0
42,189292,37743,6,1
51,80610,70461,7,0
29,73051,57199,17,0
59,76652,29430,8,1
26,85524,28834,5,1
32,26470,24435,3,0
57,192870,87212,14,1
42,73473,55797,4,1
22,170952,43554,4,1
28,64439,54555,6,0
51,34308,85350,8,0
41,111563,14716,6,1
32,55081,60261,8,0
55,29837,27528,19,0
25,138128,1995,9,1
22,187896,22414,3,0
65,184145,13844,5,1
43,132651,36659,13,0
35,117624,15522,8,0
23,177371,74034,0,1
54,50063,42322,16,0
65,89453,67638,12,1
30,122166,8524,6,0
45,34506,30846,8,0
22,133604,73643,10,0
30,46026,60096,2,1
34,178744,83804,11,0
67,189489,47703,2,0
57,72413,24399,14,1
62,85066,75160,9,1
49,70971,92662,0,0
46,178353,88667,13,1
68,133978,48591,19,1
20,179163,20714,5,1
57,70494,35877,1,1
51,123864,84106,7,0
57,169682,78018,0,1
44,152151,99854,3,0
30,115386,59136,3,0
62,197823,33414,4,0
50,106126,86576,19,1
23,182023,78943,8,1
41,100863,45468,12,0
36,98291,98841,17,0
33,145659,79702,16,1
57,27235,72108,0,1
45,102733,98538,14,0
50,82712,92508,1,1
65,172545,46835,15,1
58,145849,63333,19,0
30,99823,42464,4,1
60,124215,22923,18,1
62,52230,61855,4,0
42,104573,67445,1,1
59,60644,98384,6,0
53,199736,67619,2,1
44,65203,46146,16,0
55,86677,60032,2,1
24,176497,17140,12,0
22,143246,2670,6,1
60,104817,36519,2,1
62,89806,44512,14,1
68,62814,57811,17,0
48,90219,14691,9,1
40,190956,34262,6,0
59,115345,54892,8,1
27,120088,25595,4,1
49,89322,57207,19,1
60,41650,33440,7,1
47,114242,8630,13,1
56,160262,31250,3,1
48,58196,94334,19,0
35,190521,98748,13,0
53,190733,77518,11,1
19,49709,74191,1,1
31,100428,64791,12,1
30,29943,84118,0,1
46,194312,63753,19,1
29,196832,60520,6,0
56,41042,4008,8,1
19,63894,44464,16,1
49,157941,496,12,0
30,76759,99767,9,0
63,125973,23212,15,0
44,64306,20637,5,1
66,128369,45227,15,1
58,171990,82413,10,1
34,48379,83346,19,1
57,140667,9884,2,1
48,154034,68259,8,0
51,164923,49810,14,1
41,137626,4761,12,1
62,196819,73166,9,1
52,145180,16375,19,0
65,72349,25218,12,1
23,165817,30565,16,1
36,25730,32975,6,1
47,164993,27073,5,1
24,39023,69726,12,0
27,196421,1883,16,0
58,146796,68422,14,0
49,101533,49629,3,1
51,103286,64170,14,0
45,61979,74489,13,0
32,42837,8381,10,1
47,166069,23238,3,1
54,124975,13795,2,0
46,196111,95964,1,0
39,40923,62999,19,0
21,28876,49907,9,0
37,80973,9638,12,1
49,153959,70467,19,1
53,62422,42623,17,0
67,71413,38492,15,0
21,122484,26411,10,0
44,153913,20534,9,1
34,48756,29181,8,1
29,91576,19996,11,1
39,138248,72089,18,0
34,30304,83609,0,1
27,50341,72666,17,0
18,155830,29405,13,0
39,168082,71325,0,1
43,147039,28930,16,0
35,182730,17529,10,1
67,152447,53546,19,1
31,119485,7942,14,0
64,42092,7548,3,0
46,151562,18296,14,1
29,23729,51016,13,1
53,157046,97780,0,1
52,138222,296,8,1
69,105216,67945,6,1
29,103860,59980,10,1
24,116870,56782,1,1
46,41398,34229,1,0
28,54650,96382,5,1
50,172364,53444,18,0
23,123889,35036,19,0
64,23159,39322,13,1
32,118162,27167,2,1
49,122834,51667,6,1
68,168137,94527,6,1
28,41638,83337,3,1
40,21073,51468,4,0
43,197583,72894,16,0
51,49320,53084,3,1
63,54924,63138,12,1
51,191806,22588,15,1
46,88116,62901,15,1
21,191097,17671,1,0
34,22159,83038,17,0
52,68940,90664,0,0
30,99436,31645,17,1
58,34678,7637,7,1
56,198276,660,10,1
32,163093,6922,14,0
46,157844,93697,15,0
46,87163,44721,16,0
28,174536,57256,16,1
69,71137,69506,11,0
49,181304,68943,9,1
19,81497,27843,19,0
64,120485,9046,5,1
31,125468,89336,7,1
37,20901,63985,12,1
39,107980,80083,1,1
28,127594,96925,18,0
44,22881,30346,9,0
20,49863,88284,3,0
34,156694,91384,11,1
61,152450,53526,17,0
45,65201,73143,6,1
46,79251,36787,19,0
38,92572,33583,3,0
64,59255,12563,6,1
33,83212,46060,9,1
54,70210,33690,14,1
37,145629,94712,11,0
23,42499,14925,0,1
36,122552,86787,19,0
22,81360,83184,17,0
20,155675,20108,15,0
18,147466,76515,4,1
55,105473,68258,18,0
32,163704,5355,3,1
51,181679,46069,5,1
52,111873,94335,16,0
66,85756,54471,6,0
42,198066,32705,6,0
41,76344,43909,8,0
29,158421,88606,12,1
35,91154,53739,19,1
32,47464,76820,13,1
61,193696,87273,15,1
33,141897,23241,8,1
44,57344,27414,14,1
25,103791,50818,4,1
63,175371,20895,17,1
42,199047,92307,19,1
34,152534,62409,7,0
46,140209,55324,14,0
25,101441,66920,8,1
32,110456,53555,18,1
44,101788,65453,5,0
63,191653,22689,3,0
67,34175,64356,10,0
69,157263,93011,9,1
24,103434,8252,2,0
20,104518,30844,0,0
46,86537,95687,11,0
61,135721,23365,14,0
41,67645,6026,14,0
20,43283,98303,13,1
37,106971,28523,6,0
63,112759,10482,16,1
32,122780,48888,18,0
42,181096,50110,6,0
47,50734,90644,2,0
31,20515,493,2,0
24,130782,56194,17,0
34,86727,82001,19,1
61,129164,39767,13,1
37,66216,29550,2,1
53,91833,13833,6,1
26,78755,2970,6,1
55,47856,98315,4,1
65,93870,95494,2,1
39,175234,82681,17,0
19,157080,49177,14,1
41,27987,67342,19,0
25,116502,71200,13,0
28,154404,61501,3,1
30,86323,28900,7,0
34,190062,14126,12,0
25,29873,70690,7,1
38,187516,87744,14,0
35,186412,79303,16,1
47,125219,85579,4,0
35,25033,47994,19,1
63,93324,67061,3,0
64,35689,99064,10,1
48,129756,16978,17,0
55,20066,56344,9,1
49,134159,46648,16,0
28,196318,1055,14,0
62,27533,75582,5,1
42,135828,81214,15,0
50,79658,44876,14,1
55,58498,92160,7,0
58,129028,38725,8,0
25,31772,5255,10,1
28,109385,74947,1,0
39,32940,53380,12,1
68,138027,53333,3,0
41,36932,42459,8,0
58,44648,36163,4,0
34,52966,33971,18,0
29,178849,96771,2,1
63,183639,65149,2,1
49,168246,84730,5,0
32,62598,19476,9,0
33,164870,68580,4,1
39,168630,86593,2,0
45,81084,69050,6,1
37,195309,75526,17,0
50,151250,7507,7,0
27,37118,70393,0,1
57,42616,12118,3,0
49,151870,50529,6,1
67,27601,68682,13,1
50,45363,91937,12,1
19,22795,54176,9,1
50,117462,91713,17,1
50,196336,4414,0,1
58,122892,83030,3,0
30,92833,85973,15,1
47,23084,62137,15,1
50,115865,3937,17,0
30,20731,36731,7,1
69,152201,86862,9,0
43,179094,38665,15,1
39,21605,74510,10,1
56,97506,17500,5,1
19,64130,1750,0,0
55,180337,65018,11,0
56,183402,4027,5,1
43,88469,5745,12,1
63,166259,61731,16,0
67,176863,86984,0,0
32,110436,28451,7,0
51,132341,93743,7,1
59,190939,71474,10,0
61,151965,61536,13,0
66,119694,12150,9,0
57,39773,13406,14,0
28,24239,19781,6,0
20,40863,57417,6,0
23,71415,18325,9,0
26,88968,68684,3,1
23,80430,94415,17,0
26,21515,73469,9,1
56,117206,9436,18,1
48,165677,17669,13,0
49,76240,72010,12,1
58,25586,76764,14,1
67,140419,99074,15,0
29,142374,1843,1,1
25,51186,65609,3,0
25,46928,50812,17,0
67,142990,16059,16,0
45,107029,86269,9,0
37,40711,40768,8,0
64,74962,25395,14,0
24,40039,20202,11,0
28,56561,13273,8,1
37,21577,48889,13,0
33,127792,98635,12,1
21,179422,73048,5,0
23,184870,93767,18,0
39,30785,88810,3,0
43,92227,45510,19,1
20,138680,87945,16,1
58,81957,70649,18,1
59,85431,2881,2,1
31,168369,45913,13,1
28,91894,84785,16,1
35,170653,65037,12,0
29,75192,62457,8,0
40,21462,35343,0,1
29,148848,62389,16,1
30,166583,78250,15,1
42,96106,8656,17,1
62,68665,5741,1,1
68,195486,16661,13,0
36,101010,97091,16,0
63,92573,28690,2,0
53,127803,32833,1,0
62,139682,71240,7,0
25,33386,77711,1,0
46,144069,57141,1,0
49,74460,78232,8,0
68,157293,39023,19,1
61,174546,40209,5,1
35,135375,93590,11,0
23,132660,86612,8,0
35,172117,80522,6,0
36,111319,14440,11,1
39,136582,7960,4,1
54,155994,22462,15,0
49,173778,17821,4,1
58,62771,57772,11,0
20,72335,27258,19,0
45,72949,92889,8,0
27,115558,88952,6,0
68,166312,62524,18,0
52,122272,22115,19,1
46,22716,46433,10,0
32,167646,90504,11,0
50,195138,88267,2,0
24,171285,88321,16,0
29,91916,79364,6,1
66,70906,70077,9,0
47,20463,40644,14,0
38,183045,62643,1,1
48,94694,13311,12,0
41,171723,30531,3,0
37,88694,14588,17,0
54,40008,49416,0,0
21,90474,12380,1,1
45,58185,42645,1,0
61,107924,17818,3,0
37,54980,30857,2,1
41,42504,21711,16,0
67,74970,5097,13,0
66,36766,28393,1,1
68,136944,22076,15,0
49,113922,84274,10,1
58,162767,57609,12,0
53,168868,29317,0,1
51,193615,58480,1,0
53,165631,7044,1,0
19,184211,71033,4,1
32,140494,55486,3,0
51,28802,55162,11,1
53,191277,79287,2,1
23,54159,29882,19,1
56,31516,54078,9,1
59,70492,58734,19,0
68,49086,43826,17,1
68,133758,87985,9,0
29,50480,44028,0,0
20,148023,51331,5,1
62,130195,98938,10,1
35,198838,32543,1,0
57,58737,29362,6,1
38,29265,27315,19,0
32,134165,27746,17,1
50,139501,10057,18,0
52,90990,42915,3,0
43,35386,21061,12,1
25,124718,51370,17,0
53,57425,34157,19,0
65,141635,11322,12,1
47,194326,69812,18,1
40,73634,77842,16,1
59,198734,34017,0,1
61,106988,56792,5,1
31,126337,27742,18,0
31,161215,97136,19,0
19,166653,64808,0,1
54,87443,17629,7,0
22,49424,8245,16,0
55,108844,96950,14,0
62,61984,43870,17,0
58,61505,95634,6,0
64,122478,64829,15,1
31,82699,10588,6,1
56,178029,442,16,0
42,176536,77339,3,0
37,134012,40721,11,1
19,174721,37145,12,1
56,193137,10599,3,1
23,54758,72594,0,1
34,156668,82742,0,0
42,36374,77430,6,1
45,138686,2939,8,1
19,23775,22149,0,0
52,47388,66567,15,1
54,143800,10208,17,1
22,41029,66098,14,1
18,103981,49492,5,1
57,73639,20951,1,1
29,134010,48920,8,0
53,165717,46766,3,0
62,51105,57014,12,0
40,164740,28351,10,0
64,167032,84216,12,0
48,146519,49386,10,1
28,162429,87122,18,1
27,122739,9308,7,1
20,71796,59252,6,1
31,35804,75145,15,1
33,147732,95031,2,1
27,165698,83211,16,1
46,179204,28064,17,1
27,27951,53879,14,1
29,157521,8720,16,1
47,39065,42940,10,1
58,121503,79993,4,1
18,125072,68475,15,1
22,160202,47113,14,0
37,109360,48926,9,1
25,82287,38203,13,0
60,188065,88901,1,1
29,182947,5392,15,1
18,157126,25905,18,1
37,127357,73508,7,0
45,199589,50385,14,0
60,49670,30653,9,1
54,69112,91865,4,1
64,108388,84720,19,1
54,109156,14799,15,1
29,179379,60103,11,0
54,67922,15052,12,0
66,113348,6044,8,1
66,99335,19871,16,0
61,46312,89303,19,0
45,86985,20234,11,1
64,150744,21381,4,1
32,120963,17274,11,1
23,191349,87840,0,0
61,51551,83108,19,1
37,109813,49892,15,0
67,121025,50521,11,1
31,144342,91501,8,1
19,196284,83920,12,0
26,29637,83391,16,0
54,63258,17920,16,0
37,186765,16702,3,0
43,160896,1894,13,0
46,149553,30985,18,0
18,46950,28287,6,1
52,174560,73527,2,0
23,147870,15439,0,0
54,20215,94620,11,1
22,125603,42235,14,0
50,31523,27659,10,0
66,88689,24976,9,1
68,43834,82643,1,1
31,54474,67865,3,1
29,63066,68306,16,0
59,30400,56697,16,1
37,145211,70382,7,0
67,30345,16651,13,1
41,53896,49044,3,0
60,48899,14633,5,1
51,48229,79164,18,1
42,25583,569,3,1
67,155969,59900,2,0
46,91537,67509,19,0
56,155639,33038,5,1
48,94807,49088,6,1
64,149648,73177,13,1
60,132652,74466,11,1
67,164401,72216,15,0
40,91792,66793,19,1
61,151300,73786,7,1
55,57052,38138,1,0
37,66032,63310,12,0
40,53686,28757,7,1
62,96981,70394,19,1
69,118802,79027,15,0
33,153881,90830,3,0
67,192857,56151,15,1
59,187619,49272,19,0
25,62818,6908,5,0
67,120422,10844,3,1
38,91927,51455,15,1
18,99465,68447,12,0
25,133221,74527,4,1
46,57333,77108,14,1
49,146457,43066,7,1
55,36576,95229,6,1
22,139875,40004,13,1
64,59405,38333,6,0
39,114000,83029,6,0
64,51601,39697,17,1
51,87946,17634,9,1
18,72116,24561,17,1
43,124186,18033,13,0
60,82894,72887,9,0
27,185707,55063,6,0
47,27465,25921,6,0
67,76754,19340,6,1
35,112850,62781,4,1
34,129765,14901,0,0
43,112691,10638,13,0
25,58871,38596,17,1
64,49511,86914,12,1
57,100960,44324,7,1
66,199893,88356,7,1
29,85776,90596,9,1
44,64462,32642,16,0
25,52574,25378,5,1
42,122072,50867,14,0
63,192982,73686,14,0
21,176258,42875,15,1
50,173885,89595,7,0
18,98282,83729,18,0
36,129779,64377,19,1
48,38557,54691,14,0
33,179132,93337,2,1
31,92104,64303,5,1
65,157152,60839,7,0
22,164926,49063,15,1
58,142013,91782,14,1
43,178097,78343,12,0
45,61081,83071,19,1
19,155440,5492,14,0
67,139181,31357,17,0
23,47094,71838,12,1
26,197112,32314,7,0
50,86766,48697,13,1
58,103053,70283,10,0
42,175063,59567,5,1
65,21301,47006,0,1
30,179682,60011,1,0
26,101463,10686,12,0
30,185750,37449,0,1
48,44466,61606,3,1
58,191947,18891,1,0
28,46081,52115,19,1
21,44354,60719,15,1
51,113297,95464,2,0
55,38300,73030,16,0
63,84384,36723,4,1
21,115027,29877,7,0
55,141684,93517,11,0
36,80892,14026,11,1
23,55525,20422,0,0
51,177604,9244,0,0
35,26464,33481,14,1
30,36562,89180,16,0
58,127392,58031,1,1
40,75514,8521,16,0
36,133428,1746,19,0
62,132564,83127,8,1
28,128047,92254,11,0
18,52634,68232,3,0
41,20060,12012,12,0
24,29269,80224,3,0
42,43065,23457,6,0
38,22895,70572,13,0
32,100859,29960,8,1
18,163424,87695,0,0
29,124127,7910,0,0
24,116426,2693,19,1
32,183088,15858,3,1
38,31962,28810,0,1
36,53302,20092,9,0
46,105382,88779,1,1
42,24011,48700,14,1
50,149716,58105,2,0
66,39782,30505,8,1
49,140654,73228,16,0
66,190797,28555,12,0
52,29196,71934,2,0
61,63459,72788,3,0
55,107245,77257,3,0
43,98863,17939,10,1
28,143206,11825,6,0
52,121010,90787,10,1
25,52769,24151,10,0
63,127529,36,9,1
31,44700,93948,4,0
27,25269,83707,12,0
19,141631,39051,11,0
63,63880,98297,9,1
26,134003,80738,6,1
20,159392,73596,18,1
38,69589,60071,18,0
43,55897,73601,18,0
25,182002,29873,11,1
65,34380,36648,19,0
19,90934,71468,14,1
23,75830,26470,4,0
45,25529,65129,13,1
46,114598,8328,11,1
43,102987,6333,10,0
42,69178,46638,4,1
29,158009,11268,15,0
22,141952,70603,17,0
51,59886,17045,11,0
65,69699,40741,4,1
54,96396,88306,15,1
32,110678,42770,11,1
61,45279,7887,1,0
53,189178,98718,5,0
32,130776,97906,3,1
60,121444,24918,12,0
65,126300,35497,9,0
40,133793,93562,16,1
23,136278,61009,13,1
63,191616,11929,14,0
67,123247,61762,7,0
61,28997,79099,17,1
60,126102,28546,2,1
62,105711,78424,16,0
38,136045,37338,6,0
40,60860,34283,12,0
60,23225,82494,15,1
33,130114,78170,4,0
64,133218,84787,3,0
32,120764,46566,9,0
42,127041,85464,12,0
53,132224,81991,9,0
28,83656,92680,13,0
68,96290,28013,11,1
32,76633,52132,0,1
21,46655,87412,19,1
38,141118,92498,19,0
30,194673,28084,6,1
39,23114,21143,8,0
36,46502,91627,7,0
51,69768,14179,12,0
31,68128,98343,13,0
21,171100,58726,11,0
65,103123,10222,7,1
69,128255,59965,17,1
63,186405,64068,15,1
44,23174,23949,10,0
46,137769,16116,15,1
64,55398,51052,13,0
45,187001,51369,2,1
52,155393,48817,1,1
25,143549,83203,2,1
33,92635,74311,3,1
59,43760,29655,4,1
53,162432,57802,9,1
47,161385,47632,19,0
35,150674,14193,1,0
19,156873,80212,11,0
66,34130,30776,4,0
30,165343,43225,4,0
21,167147,60010,0,1
43,127215,82735,3,0
42,170056,65451,11,0
47,108095,48812,11,0
28,80942,80602,15,0
24,163933,18895,16,0
48,118970,65782,9,0
61,102203,21209,16,0
27,172049,82336,16,0
56,108177,61807,17,0
30,92902,23086,1,1
48,112172,85637,3,0
24,166702,82027,18,0
66,40056,27207,10,1
59,158454,20897,16,1
59,75739,63083,11,0
53,101685,95028,1,0
37,68639,66957,5,0
21,197113,97551,8,1
24,20992,78506,4,0
18,92394,7283,19,1
61,87657,94024,8,1
62,47160,81481,7,1
59,65156,255,19,1
64,106442,76555,7,1
30,170644,15487,5,0
39,137925,19346,2,0
38,24136,35050,4,1
39,81868,8744,8,1
45,102263,24756,6,1
26,52167,61596,3,1
43,130957,83397,6,0
26,35479,25146,4,1
32,139392,55032,10,1
27,182448,42687,14,0
41,155895,46103,1,0
59,39585,21976,12,0
25,168344,62863,15,0
41,46619,591,6,1
33,95069,6277,7,1
66,59895,61860,5,1
43,23720,2260,6,1
44,39267,65883,17,1
54,166768,24741,19,1
21,181040,37211,6,1
67,73364,41542,2,1
41,174417,6869,4,1
36,71567,93618,0,0
53,111229,87616,14,1
56,170457,64732,2,0
27,98518,94515,7,0
42,102844,19422,8,0
35,183991,35613,14,0
36,110697,57016,9,1
53,77196,60110,1,0
27,135600,88529,19,0
50,120625,77922,4,1
67,151567,34033,18,0
22,64755,45213,12,1
64,53324,61993,10,1
66,98929,12938,0,1
52,152624,76695,14,1
61,71272,2274,17,0
51,186925,84390,15,1
50,183996,31815,8,0
38,94462,76018,0,0
34,174961,18961,10,1
39,74675,20044,8,0
65,93591,99372,10,1
54,173706,21975,12,0
32,52363,14706,1,0
52,97004,5974,13,0
45,60718,76464,5,0
24,133627,21213,7,1
49,46870,1950,17,1
28,57394,85013,15,0
27,72057,10411,11,0
26,99795,87231,10,0
31,100409,46156,5,0
30,33016,62744,2,1
42,62137,17771,13,0
19,151225,69810,1,0
52,158925,35053,10,0
24,32379,52076,2,1
38,166864,7045,17,0
35,141169,57623,0,1
20,189439,29714,0,1
59,169172,34386,11,0
56,146082,8562,14,0
58,133089,55048,4,0
66,31049,93295,5,1
28,151858,12026,15,1
56,181771,31589,11,0
41,142784,97274,11,1
63,67691,26844,2,0
36,188112,23447,1,0
21,77986,90415,6,0
43,189834,77502,1,0
55,174672,83268,6,0
59,114774,54708,10,0
49,170882,63925,10,1
56,125315,70825,13,1
62,77204,51574,2,1
63,40085,85548,13,0
53,197926,18812,10,0
57,190851,55309,3,0
54,53980,64230,16,1
50,76117,41628,15,0
53,165213,40581,2,1
20,160416,46628,9,0
26,35896,88628,14,1
25,109353,25105,7,0
50,49813,79830,17,0
23,85679,69157,2,1
58,161753,32442,6,1
56,23228,87235,9,1
21,155654,2347,19,0
30,31397,95022,8,1
66,189871,47650,13,1
19,57011,17110,13,0
22,99183,62170,10,0
61,113254,4923,0,1
44,195336,51801,3,0
49,62317,62771,5,1
38,198986,81147,4,1
25,122489,48135,2,1
55,196326,19199,1,0
25,60096,9066,2,1
67,73785,52136,8,1
20,72344,92290,18,0
61,140382,36575,18,1
20,179484,89796,16,1
39,130489,46733,17,1
23,31549,16991,10,0
19,45739,22553,11,1
40,41209,89710,2,0
61,127051,87493,17,0
19,35116,634,5,1
55,40045,95417,6,1
34,177399,12771,0,0
52,55709,18298,5,1
51,63617,79876,17,1
40,177977,98892,12,0
47,139779,35999,18,1
69,62919,71887,6,1
25,103521,59648,18,0
39,198966,62668,8,1
61,26447,69374,2,0
53,25499,67509,11,0
22,59041,75783,19,1
30,51315,44440,17,0
46,152371,31655,7,1
48,140506,43039,8,1
64,156066,55255,12,0
33,158561,72219,7,0
59,111647,54989,9,0
47,52355,11244,16,0
33,93805,94594,6,0
29,88367,58595,16,0
34,129906,39551,17,1
33,137409,63230,1,1
29,97355,28371,2,0
25,136220,69358,18,1
37,107173,28878,0,0
20,21996,36157,9,0
33,64387,5914,13,1
47,23089,83700,12,1
62,118827,27180,8,0
40,40659,3688,5,0
45,65178,80219,5,0
68,115965,78616,18,1
57,101268,96489,9,0
22,105042,9916,2,0
37,126471,56363,17,1
57,90111,95213,18,1
61,185637,27360,4,1
18,120435,37805,10,0
47,109242,13453,9,0
38,133204,22703,16,1
37,173956,59021,3,0
23,37199,74176,17,0
39,80038,94799,17,1
35,77786,98385,0,1
25,129636,81614,13,0
56,69294,88919,7,1
49,185250,81072,1,1
50,163737,7410,18,0
33,20534,81462,14,0
29,111828,48268,1,0
55,56132,34248,3,0
69,135720,31159,0,0
51,56110,42039,18,0
31,83580,47800,9,1
53,173541,40761,0,1
50,84016,94626,19,1
40,66233,86103,14,0
67,149863,43663,3,0
62,126311,80903,6,0
19,54409,40412,6,0
58,170396,35367,17,0
38,159810,5813,12,1
19,44054,59894,9,0
44,49709,51444,7,1
26,129321,34269,9,0
18,20363,61748,13,1
28,30358,41190,13,1
20,154312,40318,19,1
69,65689,37018,10,1
40,21936,39759,5,1
43,132272,16498,0,1
21,111074,25989,18,1
35,195037,25568,6,0
23,20882,66577,17,0
52,171296,30099,2,1
39,125227,89900,19,0
60,145865,40639,10,0
32,143745,23482,4,1
39,181897,69212,18,0
54,48885,55261,1,1
69,191128,87317,3,0
59,154275,30048,9,1
29,153316,3065,1,0
64,118322,2036,7,1
66,88619,35814,0,0
59,41584,59694,5,0
55,28521,16924,10,0
35,53541,60204,9,1
62,49063,32844,12,1
52,90268,81943,0,0
47,146218,21518,1,0
41,138206,17059,2,1
59,190635,23052,8,0
47,190824,69803,4,0
31,153639,71524,9,1
23,167193,93510,9,1
20,152746,89572,11,0
33,96411,8680,17,1
24,129876,67021,0,0
69,180212,80249,2,0
31,160399,20043,4,1
26,43331,2419,16,0
32,43004,56892,7,1
38,139243,17140,16,1
52,161564,43484,8,0
19,164821,63869,5,1
44,83217,45210,16,0
19,109044,57600,7,1
52,29045,78497,6,0
35,40116,6487,6,1
31,38667,60692,14,0
37,95057,62112,6,0
35,94205,31110,7,1
27,47302,16360,8,0
42,162355,49410,14,0
19,182007,90418,1,0
42,92534,83038,6,0
50,182696,73167,14,0
53,33440,3017,17,0
48,131001,86261,17,1
31,66501,60124,9,1
18,152341,90298,17,1
63,27868,50949,0,1
33,181323,58268,6,0
63,97909,66320,2,0
69,104523,93556,13,1
20,189801,81301,11,0
52,35734,31127,13,1
58,193501,3196,3,0
23,192409,75088,12,0
42,191397,41300,15,1
30,103600,49714,15,0
51,28433,31921,4,1
25,160183,4746,19,1
38,123986,68535,5,1
51,83753,65350,5,0
21,133783,50345,17,0
42,41751,49220,5,1
32,167525,81131,6,0
21,190040,22063,15,1
62,181149,71736,8,1
29,185847,88913,12,0
49,68570,78946,11,1
49,197169,45971,18,0
45,44503,3598,0,0
30,153851,10564,7,0
48,106840,96434,3,1
31,151827,49725,18,1
37,59263,86134,4,0
35,128491,59940,16,0
46,75087,62085,2,1
23,193353,17862,18,0
49,71482,10265,0,0
46,142989,9705,0,1
60,168472,55279,19,1
19,60115,62471,8,1
40,34249,91080,4,0
36,197897,79834,6,1
48,130361,62979,5,1
68,44600,55828,16,1
22,57706,98206,16,1
36,39222,46104,12,1
51,119041,40934,11,1
27,124504,6050,3,1
42,61139,43952,7,0
19,134919,86570,4,1
28,61302,8484,4,0
67,107838,62648,12,0
48,159718,59945,10,1
32,164615,53678,7,0
26,173857,31323,7,1
40,98353,86332,0,0
36,182478,94605,12,1
26,108992,87363,4,0
52,71428,35361,7,1
38,43777,10315,16,1
26,77939,47968,12,0
45,106450,26519,8,0
63,180625,9107,1,1
68,43548,55781,18,0
24,188337,3869,19,1
33,145549,80983,16,0
33,191773,27370,6,1
50,157799,62695,2,0
21,183499,60422,18,1
21,167764,7971,18,0
56,51625,96805,8,1
57,44918,25651,9,0
34,192208,56974,13,1
54,134826,23446,17,0
56,134881,38108,14,0
69,35577,75179,0,1
46,105155,3823,5,0
69,131776,13454,14,0
53,119246,3932,5,1
55,178761,10220,17,1
56,162226,74090,0,1
67,114948,67965,2,1
54,41341,28208,16,0
69,117554,72980,15,0
52,127798,10510,7,0
24,66330,44045,16,1
44,107759,10537,7,0
45,106807,72683,16,0
39,53313,69134,8,1
31,66900,72254,11,0
24,98840,13782,18,0
54,185767,65587,3,1
39,181297,82238,10,0
22,106072,75720,3,1
19,116367,78004,13,1
44,69156,22072,13,0
38,107453,81015,5,0
55,178901,94003,16,0
32,45938,88938,1,1
38,79164,72746,7,1
27,80282,45702,3,0
40,67801,6057,9,0
56,160537,30916,6,1
22,23326,27268,3,0
18,154731,43978,15,0
30,178666,23259,13,1
38,135819,53583,15,0
43,24763,79400,8,0
67,161900,34293,3,0
62,67588,7043,5,0
38,31221,50430,0,1
35,162283,38893,6,1
54,33569,40642,0,1
62,57860,78065,18,1
49,65337,30868,7,0
53,164587,26309,2,0
34,91695,23284,0,0
52,126749,69000,0,0
66,175976,84179,6,1
28,63790,62107,12,0
38,88580,65049,0,0
69,25636,29265,15,1
43,97129,81490,13,1
21,153964,23880,3,1
51,41672,84579,11,0
69,25812,255,11,1
65,20654,1502,16,0
35,74633,70192,14,0
57,37143,65424,9,1
52,75934,75838,2,1
58,87334,70966,19,1
46,123463,41366,19,0
69,145851,27425,11,0
46,49087,52328,0,0
55,162690,67396,0,1
59,28446,71694,9,0
38,122127,5806,17,0
59,68867,86274,14,0
30,80101,17106,1,0
66,178272,56731,16,1
58,108074,75010,7,0
34,138422,82533,8,1
26,107892,32599,19,1
58,140044,71326,10,0
18,59148,75706,5,0
19,102928,9004,13,1
65,171770,51364,0,0
46,193542,25792,6,1
50,71660,95752,8,0
27,55450,64912,10,0
67,53757,54645,15,1
57,98012,7232,18,0
38,126750,78210,1,1
45,147043,54766,14,1
28,182462,81588,2,0
51,76116,48542,3,1
25,164233,5913,19,0
39,52152,93449,6,0
25,126379,10567,11,0
66,40836,38379,3,1
32,177403,74968,9,0
34,161835,319,5,0
40,89444,90005,13,1
41,113109,92026,2,1
62,170259,86120,16,1
36,163029,4791,10,1
22,155451,97272,9,0
49,179031,329,9,0
61,102018,74387,9,0
18,143076,61032,2,0
40,178177,44078,14,1
54,151949,88662,16,1
25,199425,21300,17,0
30,103788,75700,18,1
25,116870,50945,18,1
40,103308,55609,11,1
60,77913,60562,4,1
18,22637,90045,15,1
62,62025,61901,14,0
68,119508,5703,14,0
41,102464,92645,5,1
52,48742,63115,11,1
41,31831,88090,1,0
34,133768,27676,19,0
22,105092,61710,8,1
37,110879,60077,3,1
38,108370,89340,4,1
57,146537,45440,7,0
48,197834,36923,9,1
63,124824,29802,6,1
53,108741,90331,13,1
28,38830,62904,4,1
69,75044,60162,15,1
32,93948,65169,14,1
36,89202,68147,4,1
24,57045,22075,2,1
68,127509,82015,9,0
45,177699,74716,4,0
68,35198,9304,14,0
60,89521,59622,17,1
22,126471,54215,7,0
22,49475,80146,1,0
47,39403,73973,7,0
49,23681,12521,7,0
25,111555,24028,3,0
27,138884,39328,18,1
55,113122,27301,17,0
64,135260,38015,0,1
49,193364,87276,19,1
65,125386,36845,14,0
45,156701,86818,17,1
34,113246,76394,11,0
48,115864,44159,0,1
25,28417,43714,6,1
57,138888,80722,18,0
42,185837,99721,0,1
26,94499,96730,6,1
19,150908,25230,1,1
32,47675,92554,6,1
67,191635,49262,18,1
20,31332,90201,12,1
66,39177,41722,4,1
53,150560,46359,18,1
21,77104,62796,0,0
31,104335,40159,0,1
58,134938,87052,17,0
58,100730,90209,0,0
42,156023,5239,4,1
67,48333,91951,8,1
27,41673,50886,11,0
38,134421,27195,8,0
53,60870,94859,17,0
29,147536,96299,10,1
44,91101,34674,0,1
57,42821,18105,18,1
19,45494,29739,9,0
30,119477,31969,1,1
49,146083,14497,6,1
48,132698,1816,19,1
33,131560,92019,1,1
49,151907,59254,18,0
49,38646,87695,5,1
51,143777,69385,9,1
28,97360,87148,8,0
27,57335,33826,7,1
32,89351,63365,10,0
34,134934,84242,8,0
57,153501,50100,19,1
35,61950,90099,19,0
26,80654,4359,8,1
42,127422,96205,7,0
57,129934,12809,14,0
31,139975,64450,1,1
42,111186,38428,0,0
67,124234,94990,8,1
39,122326,72790,8,1
69,97527,90321,12,1
47,106704,2093,7,1
37,182171,44498,4,0
38,190457,40985,2,1
61,186991,32009,3,0
49,116952,82094,16,1
68,80782,17718,15,0
63,91116,16705,15,0
66,109626,87618,19,0
38,191459,62598,2,0
52,166895,77878,5,1
49,66015,12239,0,1
47,122877,46622,15,0
56,35339,46665,14,0
66,154563,32274,6,1
29,151778,11419,1,0
58,117493,15003,9,0
64,166800,30866,14,1
35,158069,21988,5,0
38,149526,55894,1,0
30,189595,90444,16,1
38,141648,5674,0,0
25,45163,70538,0,1
63,168790,93103,3,1
57,107508,66446,19,1
63,59619,29072,15,1
24,32126,33717,7,0
40,84926,87345,0,1
61,60633,26651,18,1
49,23317,44291,10,0
28,64980,63350,16,1
39,64115,82020,9,0
39,63158,4646,11,1
60,198703,39713,8,1
42,125364,67936,6,1
39,35504,44331,11,1
45,177732,22185,14,0
46,57196,84263,7,0
30,85938,98656,16,0
35,159677,52107,4,1
19,77388,66554,13,1
46,75501,17563,1,1
38,47043,70729,15,0
32,53635,15701,16,1
69,100691,69072,2,0
44,53132,48217,0,0
67,35366,44610,17,0
48,113944,84422,17,1
32,135267,50131,3,1
68,59236,29410,14,1
40,24150,99280,18,1
41,131369,58715,18,0
61,39423,38665,9,0
30,24137,15957,4,1
39,49992,48127,18,1
60,130540,63589,10,1
54,135140,46008,6,0
50,195993,61920,4,1
20,141225,32875,19,0
36,86917,1626,11,0
40,93690,90815,18,0
46,54235,63822,14,0
47,39122,71765,11,0
56,43956,72413,3,0
61,83879,33642,11,0
64,78560,38311,17,1
42,130310,32356,16,1
54,175732,3809,18,1
64,21168,43371,15,0
25,65124,34875,10,0
59,186969,9465,1,1
33,166104,66095,15,0
25,72797,73844,0,0
18,55294,65250,16,0
61,194899,86889,17,0
22,23516,15250,12,0
20,170823,46023,4,0
18,50373,46624,5,0
21,142026,16427,0,0
57,50270,33276,9,0
52,161458,71643,4,0
49,85184,79012,0,0
59,57879,3439,10,0
51,69597,85848,6,1
60,190204,87331,17,0
42,23626,78672,19,0
27,105936,79703,9,1
38,101515,17300,14,1
63,75390,60289,3,1
56,167717,17182,15,0
44,74144,70507,14,0
44,164454,50912,14,1
19,24025,26909,11,1
58,194298,19659,7,1
65,99380,31403,7,0
30,138910,33586,17,0
26,116055,10360,5,1
69,146189,21424,4,0
53,154515,98035,1,0
39,41395,48791,11,1
59,30725,3065,3,1
43,53461,68795,12,1
29,61115,12300,16,0
34,130084,33370,15,0
31,103732,69831,8,0
31,99557,27209,0,0
51,91260,20927,14,0
37,179762,34579,11,1
28,21407,9032,4,0
33,93568,93254,17,0
68,78560,78413,19,1
48,198412,40731,1,1
23,168866,92202,3,1
36,170953,53767,14,1
54,195426,72302,5,0
21,111288,49954,11,0
64,139020,88365,17,1
21,119301,85757,19,0
37,34390,25102,3,1
27,47307,34433,0,0
41,44502,15932,14,0
52,42486,25714,17,0
43,131813,57803,13,1
54,189330,39743,2,1
55,123920,2552,14,0
38,102768,56627,4,0
57,161820,45987,2,1
56,82785,79810,6,1
38,96050,45380,5,0
27,42738,29250,0,0
55,94231,68344,18,1
63,93606,64686,6,0
21,61662,45028,3,1
62,138313,15295,11,1
37,35123,55248,19,0
34,176688,80205,17,0
24,31182,10523,8,0
21,110369,45530,18,1
46,182403,13769,3,1
31,197170,63042,0,1
20,46128,44645,8,0
41,51556,90743,14,0
54,172948,62142,7,1
33,160021,25557,14,1
69,71962,79782,14,0
21,110054,78382,17,1
41,44099,37085,6,0
51,163788,50708,17,0
47,189957,51357,15,1
35,73144,13470,1,1
36,27837,78712,3,1
48,198371,79082,19,1
36,170231,6805,15,1
66,145212,82324,2,0
63,136680,94884,1,1
36,126802,62028,2,0
39,122413,50772,4,1
41,71012,52104,1,1
62,150193,73616,18,1
29,168178,89300,19,1
47,78123,6630,1,1
55,131825,98869,1,1
48,28720,15701,19,0
53,188733,14859,17,1
36,172192,21183,19,1
65,170862,40438,13,1
62,78655,97285,14,1
53,113448,97423,11,0
47,198446,42244,10,0
66,193979,74312,10,0
50,140507,15021,6,0
35,54812,69863,11,0
69,69570,55565,15,0
66,70901,48043,4,1
45,80186,73150,1,1
64,142066,64361,15,0
28,148364,1245,14,1
62,56160,41011,10,1
50,39156,10355,5,1
34,96208,98841,12,1
23,169001,48692,18,1
21,115377,49004,9,0
37,62863,29714,18,0
65,85439,17198,4,0
64,158266,66951,6,0
44,141361,1652,10,0
32,116176,43625,13,0
23,49777,85982,15,1
64,177255,18740,17,0
31,178517,3810,3,1
28,107201,16569,0,1
56,167270,99855,14,0
26,172483,79120,13,0
43,35867,26783,18,0
33,82501,99065,4,1
22,165338,78047,3,0
69,59422,9471,12,0
27,186280,6163,17,0
67,141544,63087,11,1
20,182285,62071,14,0
30,158439,16065,8,0
60,55362,83456,3,1
66,71588,48348,4,1
47,189357,19154,8,1
62,146683,20229,12,0
23,56307,52587,9,0
34,100280,49713,15,1
62,170939,26997,12,0
68,76523,21101,3,1
36,157450,40391,12,1
59,127669,75863,7,1
52,178998,72723,12,1
63,123215,95221,14,1
43,118707,59405,19,0
68,164252,34948,19,0
22,112837,53031,12,0
46,138070,37921,4,0
54,188003,72571,5,1
37,175086,77007,4,0
66,99872,28460,12,1
38,107736,21071,4,1
27,25470,66118,12,0
22,166025,48282,19,0
53,189579,91725,7,1
23,112969,58445,8,0
43,111493,81067,18,0
21,26523,82208,19,0
56,198833,54816,14,0
56,51169,85779,9,1
67,65641,3060,10,1
52,174062,13731,4,0
18,49661,77830,8,1
41,164491,20719,10,1
53,34457,47042,18,0
23,87600,49116,1,0
58,123619,26325,5,1
63,96102,22597,0,1
61,53085,67439,2,1
48,117064,14551,2,0
37,157202,93287,13,1
41,125723,24278,19,1
42,153114,91189,4,0
53,90134,15141,16,1
38,62982,67913,14,0
47,85185,33615,5,0
41,53477,62751,13,1
61,134161,27452,13,0
59,72709,22725,16,0
47,179788,50391,7,1
39,98137,75060,7,0
45,56018,11698,18,1
24,159133,86711,8,0
52,159681,77850,10,0
45,55371,2365,12,1
31,103021,97553,12,1
27,171877,97662,18,1
33,27857,43372,18,0
33,162692,44134,4,1
48,28177,37823,15,0
59,181183,71158,8,1
42,108578,96076,19,0
30,109941,1949,2,1
23,31826,49396,18,0
61,164962,31912,4,1
26,102428,56947,7,0
62,146044,97697,13,0
53,95020,44387,2,0
60,25495,63965,12,0
37,48481,16508,10,1
35,162339,45592,7,0
60,137897,1919,18,1
38,157815,42595,9,0
21,123475,9617,17,1
67,199845,75268,17,0
50,77042,33298,6,0
44,69476,6929,15,1
24,48552,14456,5,1
23,196844,86676,15,0
32,194802,83721,15,1
35,180020,37924,0,1
49,89093,24240,18,1
28,89123,87381,2,0
37,36535,9228,5,1
41,86490,21686,3,0
32,66562,11920,3,1
65,139042,7432,3,1
24,109080,63575,9,0
38,61269,71725,8,1
59,100674,93575,7,1
43,62462,33910,18,1
61,154199,30226,16,1
31,43147,73150,16,1
54,196600,59099,0,1
38,97095,86760,19,1
35,110925,18013,13,0
22,86381,21446,19,0
20,119468,70375,10,0
40,83749,62509,2,0
43,189744,95739,7,0
54,33731,557,9,1
41,144647,30666,16,0
66,71024,37389,7,0
36,136712,47700,0,1
68,121121,99143,19,0
42,23832,24578,6,1
38,52332,74779,8,1
29,32467,9596,11,0
58,61025,57500,8,0
50,164179,72534,19,1
67,97994,10129,2,1
21,114202,63394,3,0
59,63481,66046,9,1
24,153653,11596,3,0
39,95118,65355,8,0
50,144010,12974,0,0
34,143714,66673,4,0
41,159490,93433,8,1
51,180185,70202,4,1
45,104363,74442,5,0
60,143607,21818,18,0
58,83044,43246,7,1
56,31814,55598,9,1
39,119340,2654,10,1
66,30024,33758,12,1
34,129236,24204,19,1
51,77836,34928,3,0
23,27435,53609,10,0
63,90601,30552,11,0
23,140871,10336,4,0
51,154479,47037,9,1
18,118943,16206,6,1
27,52940,34831,8,0
38,25666,43563,8,0
22,57122,18361,9,1
19,138647,41335,9,0
39,176164,74469,1,0
65,149753,25816,3,1
19,143402,15619,7,1
27,121190,92479,13,1
51,120468,26819,16,0
33,149207,11741,12,1
65,46505,8798,17,1
68,56713,25143,17,0
56,63169,49695,12,1
39,97511,32747,7,0
29,60522,99187,11,0
41,119397,21182,0,0
64,23880,9415,19,0
57,194526,11085,17,1
55,63539,15008,2,0
27,34799,87638,11,1
52,124843,18452,18,1
68,68784,64075,12,1
66,133034,8120,9,1
49,194405,64385,14,1
24,191900,73356,19,0
38,74362,18170,1,1
37,73997,16259,18,0
43,170145,22099,2,0
21,122399,9649,13,0
63,34549,95791,6,1
69,76920,59258,7,1
39,171388,41037,10,1
32,177255,11805,19,1
57,113860,43147,5,0
38,44624,74280,10,1
32,66705,46053,16,1
39,109326,97841,9,0
69,177828,91393,16,0
45,80390,76215,1,0
31,88369,95365,5,0
44,29589,10985,4,0
58,133012,93823,3,0
57,165188,12391,1,0
45,93181,4861,11,1
43,195858,63582,2,1
66,143711,51928,5,0
19,96425,34364,13,0
42,181358,82399,7,1
20,35994,97035,13,0
25,131915,93330,2,0
61,142961,42923,15,0
50,124672,7919,14,0
59,46639,55896,6,0
69,37205,85818,14,1
52,76677,47396,12,0
23,52930,34840,5,0
56,93313,42255,14,0
69,133153,71160,16,1
40,38316,99242,3,1
42,178376,8176,13,0
67,116058,33529,14,0
60,107876,56406,11,0
36,105366,12941,18,0
22,33403,1669,9,1
68,100052,85782,5,1
28,93495,44859,8,0
29,183004,55786,1,0
27,116090,51083,3,1
25,56701,40076,8,1
41,154457,20323,14,0
45,77241,99430,12,0
58,161439,6021,19,0
53,85030,39807,7,1
54,197577,50355,18,1
38,184404,44732,18,1
25,186340,8711,15,1
26,176635,63079,10,0
64,125185,7904,9,1
32,56404,64033,7,1
65,75182,86478,0,1
63,52991,89787,9,0
57,124601,55096,17,1
35,198735,90594,2,1
59,85886,3093,10,1
37,142002,24918,17,0
23,103848,72743,2,1
29,175199,62636,7,0
19,77692,58806,13,0
24,57500,9394,5,1
33,53785,92510,14,0
20,104146,93708,13,1
62,67997,97819,6,0
20,27170,13280,9,0
44,164375,36303,14,1
67,91743,27453,9,1
60,55187,60695,16,0
57,152965,68449,18,0
55,164825,25765,16,0
50,58090,2340,11,0
45,79412,91715,14,1
18,76030,93409,11,0
25,37509,38057,8,0
54,88653,597,4,1
49,188001,57988,3,0
65,149626,94655,11,1
60,199363,15025,15,1
54,24042,7145,8,1
21,57201,55797,2,0
47,34016,41723,2,1
23,45022,73230,17,1
63,47938,4830,16,1
36,194750,23930,9,0
49,138171,23752,1,0
26,81720,76025,10,0
29,125514,98228,2,0
28,153058,81304,1,1
63,96478,62040,8,1
33,163233,67696,18,1
18,171761,64648,1,0
62,147101,55030,18,1
38,114699,56815,1,0
47,119273,85669,14,0
30,83745,35690,2,0
51,152283,88406,4,1
21,151301,90032,10,1
45,138972,57923,6,0
55,199614,36572,5,1
48,165417,54030,13,0
44,121489,67904,0,1
22,51819,29203,16,0
42,67779,77088,16,0
20,112244,5608,13,0
50,85584,45667,9,1
21,171022,55547,7,1
42,166245,22485,7,1
37,78032,9862,13,1
51,135074,75948,6,1
43,119273,86890,5,0
22,48036,71880,3,1
52,91356,57560,0,0
45,165364,83529,14,1
46,23052,94218,14,1
26,64377,28415,0,1
69,87819,64523,19,0
55,133689,19323,2,1
67,166692,53214,4,0
23,50461,17997,4,1
36,40750,57003,3,0
61,29472,3679,16,0
28,89263,95025,19,0
19,132036,40308,13,0
64,45523,75024,7,1
61,181838,39842,1,1
61,123262,65408,7,0
26,86060,69532,0,1
38,29079,53938,3,0
41,159471,5695,18,1
51,80726,95740,4,1
39,112906,58499,4,1
20,36532,23382,19,0
29,142689,14235,18,1
45,63162,62223,11,0
47,154821,2366,19,1
43,31353,27467,0,0
65,132313,59316,6,1
38,48477,6764,16,0
45,175642,90896,1,0
43,106373,61836,10,0
50,162509,31923,6,1
38,189176,95711,16,0
52,24551,16292,2,1
69,88359,1614,5,0
51,163988,20939,10,0
58,146150,18800,17,0
68,192517,56440,17,1
64,67636,23246,9,1
35,49685,52805,4,1
28,71134,49648,14,1
40,108916,56851,19,1
65,127967,31688,3,1
39,114455,93498,0,1
34,191065,29764,14,0
22,195405,32470,16,0
61,69756,38501,18,1
28,142863,57207,13,1
47,81192,62157,18,1
32,68733,3216,17,1
44,45993,22072,1,1
52,181564,93778,5,0
50,172053,37132,12,1
37,44143,17861,16,1
33,127044,64186,5,1
51,148406,4960,4,0
19,89351,18781,6,0
52,90309,31126,0,0
57,163518,22578,12,0
45,181805,17883,18,1
64,139156,29782,0,0
56,96000,56387,12,0
23,199704,16979,10,0
26,41576,33746,6,0
37,23320,66266,19,0
18,161822,56,2,1
25,123002,31457,0,0
40,46572,2243,7,0
20,37948,55031,16,0
21,136528,1701,12,1
42,189898,56381,13,1
64,109051,50438,4,1
55,47867,73839,5,1
32,64678,80636,5,1
38,127561,66483,7,1
52,32963,20505,12,1
63,69434,6553,17,1
69,86617,33525,3,0
31,171341,80402,16,0
53,137569,96008,4,1
29,117352,44348,2,0
34,99732,71187,3,1
56,127648,7273,4,0
26,101494,64236,13,0
52,97225,75569,14,1
30,102867,3535,19,0
32,188600,18677,16,1
35,98972,83024,5,1
68,116261,908,9,0
50,110748,70153,15,1
23,184404,95967,16,0
44,144481,88989,13,0
40,149529,35079,19,1
44,22251,81556,11,1
51,196789,49323,8,1
63,119108,45320,14,1
55,178099,92098,11,1
31,117382,89909,13,0
53,29583,46105,17,1
25,70387,30164,19,0
52,43104,1885,5,1
36,32224,57819,3,0
47,80624,1049,11,0
31,124320,53281,12,0
37,180371,43271,18,0
66,98572,66697,12,0
42,105469,66351,11,1
57,97928,36534,19,0
41,24141,93034,2,1
31,174422,58097,2,0
43,90871,53813,13,1
55,156149,25037,17,0
40,66015,36007,18,0
39,191929,79478,9,1
65,79902,27278,16,1
36,25577,8272,14,0
63,40002,57183,18,0
68,70711,99173,8,1
20,59451,38294,3,0
59,179719,73277,14,0
36,54831,62509,18,1
26,116498,4694,15,0
45,148949,95842,7,0
37,115119,58150,16,1
62,86830,67470,0,0
24,100632,21556,6,1
31,56833,64471,17,1
26,44398,49855,11,0
36,81554,49086,15,0
64,70755,18907,0,1
69,168778,71695,14,1
31,173412,48487,6,0
55,84994,29158,16,1
53,83884,20293,2,0
57,104361,45761,10,1
34,37482,99468,5,1
47,74225,33387,5,1
26,94854,40750,14,0
50,61256,68602,6,1
69,128721,21256,10,1
42,101110,5594,16,1
31,133606,2460,17,1
28,34650,72356,18,0
52,197190,54698,7,1
58,48930,16191,19,0
31,120400,84631,7,1
47,31801,10529,10,1
58,71360,32175,2,0
21,107908,17675,13,0
21,167631,43158,8,1
45,52334,46798,0,1
25,33288,70910,0,1
19,173470,25976,11,0
58,32191,63116,10,1
63,38051,78678,0,0
39,81715,62821,19,1
58,30737,12204,11,0
33,85140,55665,16,0
46,176323,7394,14,0
66,25147,64814,1,1
65,70508,33593,17,1
47,72224,41964,15,0
29,39643,77188,3,0
52,58967,99276,7,0
28,123535,53365,1,1
63,60733,443,13,1
67,54808,89439,14,1
38,78959,99058,8,0
38,152921,28180,1,1
22,88178,48791,16,1
65,132255,86655,9,1
37,106322,75899,8,0
54,64565,43665,1,1
20,171255,97077,18,1
61,21132,3465,16,1
50,189331,68247,10,1
26,83668,51559,16,1
26,189635,25198,9,0
21,128835,54740,17,0
52,162003,22488,5,0
34,93169,38515,15,0
51,120417,89144,17,1
41,21044,27898,19,1
49,197763,1919,17,0
18,44363,50070,0,0
25,66694,62613,2,0
62,152654,96707,14,1
40,41301,86135,19,1
64,94329,82501,9,1
57,21620,47003,4,0
29,82224,48478,14,0
29,115419,14434,13,0
63,188606,46246,14,1
64,140050,36649,9,1
32,190462,59030,8,0
58,75856,53061,11,0
36,75809,1999,6,1
43,42259,14849,4,1
69,40655,76439,9,0
46,184077,52800,7,0
39,182701,5445,19,1
57,174682,18040,15,0
38,41602,64315,11,0
68,105945,246,8,1
55,162182,31153,9,0
37,157145,5212,15,1
46,120846,3339,9,0
68,100818,88678,8,1
21,161267,56238,2,0
24,21537,19394,18,0
45,168210,53871,10,0
45,195400,77722,5,1
21,197274,34607,5,0
39,191236,52055,14,0
29,146545,4395,14,1
62,109743,15290,12,0
20,106155,87687,4,1
39,140198,65078,13,1
61,175917,3691,1,1
19,109846,7470,11,0
41,50562,3841,19,1
51,48036,63197,13,0
44,94233,55773,18,1
58,103049,17776,19,0
18,88681,71596,14,1
25,47818,27584,19,1
40,181616,4300,16,0
55,82532,3338,13,1
23,77705,62601,17,0
39,40104,5487,4,1
42,144336,36282,11,0
35,147904,95065,9,1
34,89603,95798,7,1
29,122499,76816,5,0
23,79025,28804,14,1
43,52317,9915,11,0
44,182488,11158,5,0
25,193084,74157,11,1
36,125585,10547,14,1
59,172472,88713,11,1
18,68270,2459,8,0
46,139415,28768,18,0
62,100206,63146,1,1
66,89468,50870,12,0
52,196881,50460,12,1
57,189400,82970,7,1
31,187856,60817,12,1
52,43723,38247,3,0
65,80646,15419,5,0
62,20074,35577,5,1
37,46498,2921,11,0
66,116881,4676,11,1
30,171613,85961,16,1
55,65929,49684,6,0
66,143199,13463,14,1
63,46028,25474,16,1
66,49545,40935,9,1
25,99569,67005,19,1
60,51673,58596,5,1
37,182046,72828,8,0
50,174169,90945,14,0
43,122511,89062,15,1
56,113144,55152,7,0
38,84824,89001,15,1
66,43525,96491,4,1
59,77804,92321,17,1
60,166115,86569,19,1
58,61846,72467,13,0
26,97261,52576,1,0
41,188455,66627,2,1
54,49483,25772,13,0
66,27265,16363,6,1
58,42763,28490,14,0
34,35733,59004,16,1
41,132196,53806,0,1
38,111038,260,8,1
68,57420,75992,13,0
56,160319,22320,15,0
58,174912,78971,12,1
56,41058,42145,5,0
30,54929,63688,0,0
28,182434,48581,3,0
63,106489,92561,2,0
36,104664,93645,16,0
28,198428,20754,1,0
30,97597,69837,18,0
63,26041,7207,19,0
62,98209,27920,7,0
18,172131,87739,14,0
57,119864,87081,5,0
61,195794,24016,19,0
36,168620,96634,1,0
29,166150,60522,14,1
25,156491,74092,19,1
25,186562,54068,11,0
62,135158,20102,2,0
29,181409,1924,9,0
65,21468,85015,13,1
50,44309,54333,13,1
62,92255,84458,2,0
43,101899,84196,0,0
56,48718,46099,19,0
45,188913,57346,0,0
22,197732,75481,1,0
25,126553,50062,18,1
42,70281,306,9,0
44,133451,88495,3,1
63,20767,69767,3,0
40,154967,12207,12,0
47,78026,39426,8,1
62,138142,6336,6,1
64,62968,75166,15,0
40,191169,17256,17,1
66,166404,99445,2,0
64,165693,49817,19,1
37,96870,33719,19,1
35,38174,42017,9,0
35,144357,45704,15,0
19,119189,30013,2,1
21,60502,79991,10,0
47,56674,70258,9,1
50,57260,78348,15,1
53,193570,95812,7,0
35,91805,36776,8,1
54,37194,10060,14,0
36,177883,78592,2,0
64,92377,6655,3,1
45,150864,88110,12,0
57,63723,49923,11,1
37,96298,78563,8,1
66,79238,4030,13,0
50,125433,89779,18,0
29,127092,33289,6,1
68,22147,19739,15,0
32,58445,99704,19,1
58,126170,61687,4,1
56,153085,36491,9,1
19,105617,95549,17,1
46,73502,72115,10,1
58,137116,83778,6,0
27,57755,4781,13,1
19,159805,20448,19,1
68,29479,51550,17,1
28,95361,49294,10,1
30,172376,21446,11,1
27,186766,76579,17,1
31,144232,85389,1,0
35,125586,85615,0,0
68,101171,17101,9,1
26,134151,66178,0,1
56,106296,28016,5,1
45,160562,18932,6,0
20,172324,44653,16,1
37,157934,90481,8,1
23,89959,52802,6,1
44,161522,7549,16,1
19,76022,78933,2,1
46,81991,25362,15,1
55,191999,47842,4,0
20,69853,46539,19,1
33,51826,33717,17,1
47,62879,54596,0,1
57,92361,23016,3,1
19,97990,55200,10,1
34,109787,80268,19,1
58,60736,60287,8,1
29,44530,92447,7,1
52,198130,83402,7,1
60,126080,42607,4,0
18,94255,27621,11,0
62,155958,12823,0,0
32,146598,29986,14,1
43,138623,64325,17,0
54,57387,57771,5,0
38,172647,54973,9,0
66,132260,14690,13,0
48,190715,39107,7,1
42,161172,57888,2,0
40,158928,10956,18,0
41,189241,86839,11,1
55,179876,56227,11,0
45,186862,36533,14,1
38,50988,95210,6,0
60,96448,56234,3,0
35,189578,67594,8,0
53,133430,56901,15,1
52,163377,11519,12,0
62,161041,31115,3,0
26,32404,66266,8,1
55,160061,1832,17,0
47,187055,41368,14,0
61,190534,88425,14,0
51,39360,69715,5,0
49,105657,71835,10,0
20,177359,73366,7,1
20,54160,37570,16,1
45,26789,87977,16,1
61,178253,6615,17,0
32,165457,72298,3,0
58,102597,38311,14,0
40,85641,90245,1,0
57,64247,23434,1,0
28,106673,86879,9,1
65,25544,15739,2,1
49,164347,66202,7,1
53,83248,98580,19,0
50,54550,93419,6,1
41,73693,79599,11,1
56,148924,33649,18,1
51,170713,47445,14,1
45,100021,39470,13,0
54,35605,74965,15,0
24,70713,48621,13,1
21,171462,32926,2,1
54,95403,37997,17,1
18,78466,59940,5,1
18,23981,40724,16,1
64,160565,97805,13,1
37,135631,31704,13,1
36,139238,28391,19,1
46,115335,63291,12,1
27,127441,89723,2,0
35,36984,2526,12,1
45,145580,24686,1,0
52,131316,73339,8,0
60,173832,98204,12,1
64,152596,6574,7,1
48,138454,8733,15,0
44,69402,50290,2,0
28,111656,72793,12,1
66,85614,36051,3,0
66,186963,15909,17,1
55,111009,89682,1,1
22,190904,77338,19,0
25,65836,73432,14,1
51,164434,28133,16,0
65,188993,51571,9,1
69,169634,79062,0,1
29,151049,50908,5,0
55,96407,11278,2,0
18,27610,51458,18,1
48,129381,64265,6,1
21,35791,56782,12,0
66,78047,55415,12,1
62,170737,91087,16,0
67,90246,54160,0,0
22,197523,54399,13,0
47,106148,25298,2,1
41,65890,22191,13,0
20,157866,56964,0,1
28,52888,33092,15,0
62,157821,89407,9,1
21,66531,75257,12,1
43,135652,62513,3,0
44,40608,51097,8,0
63,100986,30279,13,0
60,103996,14404,3,1
44,76017,70022,9,1
59,77676,35198,7,1
68,31560,94223,2,0
67,70468,49997,6,0
23,183535,78692,9,0
32,182735,567,2,0
47,53123,61032,1,0
59,114346,2179,14,1
54,160790,2019,8,0
54,20028,81455,14,1
59,67599,85239,16,0
54,168469,18704,6,0
52,65406,18030,19,0
40,67657,69445,17,0
23,87560,73551,14,0
21,124143,3420,17,1
35,164575,59875,11,0
26,74943,47653,7,1
66,95839,16740,1,1
46,102674,65263,1,1
30,45345,95864,4,1
64,70390,64559,0,0
69,79557,19465,3,0
34,21906,51432,5,0
62,191239,4131,12,0
49,27961,10652,18,0
65,177212,64973,10,1
39,139289,87043,12,0
21,97567,47147,7,0
22,100664,47671,6,1
54,101199,89342,12,0
58,119764,19171,0,0
66,142357,86129,5,1
30,100729,55692,6,0
51,179633,58541,15,1
62,70568,9470,14,1
39,129349,61344,19,0
40,93302,44308,1,1
68,114968,50639,15,0
20,180576,21326,16,0
59,136116,4597,14,0
51,57146,30788,2,1
49,60297,65020,3,1
62,106394,49477,11,1
68,147173,33071,4,1
66,145942,70603,16,1
38,36939,61923,5,1
63,64460,70560,9,1
61,163738,73251,17,1
38,82119,57492,9,1
61,186393,31770,5,1
28,152851,76762,5,1
56,164258,35399,19,0
21,167531,78948,14,1
68,25057,57439,3,0
18,169805,44415,15,0
45,39157,12569,7,0
41,55030,2369,6,0
52,170685,97557,18,1
30,128612,528,16,0
64,135080,30314,12,0
51,103028,18047,14,0
28,156260,19748,1,1
53,49680,35109,9,0
68,122302,13919,12,0
34,56445,47498,17,1
52,25796,55808,10,1
35,67218,80792,12,1
57,190203,70441,18,1
39,159195,74420,4,1
41,159294,28906,2,1
36,44074,71486,18,1
54,136088,66896,12,1
56,180897,21946,4,1
38,56839,47020,11,0
25,127112,74266,13,1
45,147514,22161,5,0
22,88322,27738,8,0
34,76321,3925,16,1
54,130100,8463,7,1
53,177060,57153,12,1
36,55507,82948,4,1
44,119244,61009,16,0
51,145788,87938,2,0
28,115251,99546,5,1
62,43806,91253,13,0
64,150364,41552,14,1
29,56901,56271,13,0
38,168115,9797,10,0
28,160824,86130,10,1
56,193688,71942,8,1
45,72127,13965,5,0
22,20453,13733,14,1
34,95432,53223,11,0
37,142872,26926,5,1
58,107362,28783,0,1
63,30976,83360,15,1
29,134176,36394,19,1
23,119122,64796,14,1
34,90404,28287,1,1
68,101932,82104,16,1
36,117170,30436,2,0
43,97707,86916,2,1
65,184760,90332,4,0
61,113789,73567,16,1
61,116516,87483,16,0
69,153089,3188,19,1
49,27957,91205,5,1
23,127724,97349,0,0
53,155864,6765,6,1
55,33237,51626,14,1
28,71586,88707,6,1
50,39252,10807,18,1
41,161779,10204,19,1
40,185278,92602,10,0
32,23543,57944,13,1
44,195207,42120,12,0
28,124647,22658,19,0
68,55031,37081,8,0
67,194001,34986,8,0
34,85747,79322,15,0
68,75311,94819,11,0
31,85867,50304,9,0
44,108780,65592,5,0
35,77196,58548,17,1
45,93705,98447,1,0
68,77894,39986,19,1
64,107640,74095,8,0
64,34591,91594,18,0
21,117247,88281,5,1
24,199965,66151,1,0
62,20727,73598,14,1
52,172431,28214,16,0
65,63822,38745,15,1
26,123399,42548,7,1
25,132113,10681,9,0
69,150431,6984,9,0
62,162001,27579,17,0
34,148588,90810,9,0
34,80091,54933,8,1
66,174591,27399,18,1
50,168465,31481,0,1
49,185390,944,3,1
25,114192,93993,2,1
36,199006,9114,9,1
55,130805,39846,11,1
20,179912,83666,17,0
22,138089,77848,19,0
30,109367,32596,5,0
64,33265,75287,1,0
63,156496,6907,9,0
48,171697,28114,1,0
33,99622,25009,8,0
67,180259,84846,9,0
49,55929,50241,1,1
39,81892,35725,7,0
46,171611,18996,16,0
39,76630,6047,16,0
60,160287,28767,3,1
20,190457,16347,17,0
27,151025,24102,11,1
59,107580,4263,16,1
38,97462,67438,8,0
33,133396,96359,18,1
29,117037,30540,13,0
19,115310,75726,13,0
58,176080,63769,16,0
41,68928,40843,1,1
52,109876,27690,7,0
47,44976,2994,4,0
47,144984,67546,6,0
64,178698,7377,15,1
52,118256,78572,15,1
36,120537,26467,16,1
67,155772,48,6,1
25,129331,36978,19,0
43,27526,47606,7,0
66,123863,81574,7,1
57,190572,98112,10,0
24,93366,73414,14,1
47,76096,93145,17,0
24,158982,49222,5,0
20,91185,48115,11,1
18,70248,89606,14,1
53,153023,40647,5,0
42,99888,54607,17,1
54,114533,57410,19,0
18,61954,21996,8,0
32,109719,54921,7,0
54,159876,83697,13,0
30,20595,46022,18,1
57,49592,40148,18,0
25,60643,67764,7,0
22,82665,91901,1,0
26,171895,90724,3,1
18,25972,8888,5,0
53,35882,88666,2,1
52,174841,39159,2,1
19,45020,42197,18,1
57,193820,84326,10,1
40,122621,90360,9,1
26,105374,98941,11,1
51,64912,24474,13,1
63,32879,17333,17,0
31,53798,36355,8,0
21,127791,99415,14,1
47,197145,73903,2,1
48,95791,66258,10,1
55,86983,31145,9,0
28,194077,75675,17,1
52,153922,49854,3,0
25,179472,67664,12,0
20,31953,86153,5,1
31,126410,93616,12,0
30,145155,35285,19,1
62,174607,17533,4,1
49,101029,32624,19,1
51,24055,46996,13,0
62,58170,46947,12,1
36,119976,27956,13,0
55,48251,51030,7,1
33,155604,58597,15,1
19,155996,42443,12,1
57,68037,98613,14,1
34,112115,65464,18,1
51,97926,3952,0,0
59,90400,56880,1,1
33,119525,52201,17,1
55,121164,42460,18,1
19,161774,22796,7,0
19,126732,31746,2,1
43,35385,86785,13,1
30,29336,15,8,1
64,85421,49757,7,1
48,182297,25957,16,0
51,56021,81541,15,1
56,154854,21292,9,0
20,137369,31876,9,0
25,69111,60727,5,0
40,109402,47046,16,0
31,139774,14817,15,1
44,62719,91006,14,1
46,145695,9759,13,0
56,154585,48432,3,0
56,164407,6412,3,0
18,195212,57757,1,1
34,124126,20504,10,0
58,97658,8507,3,0
47,185912,21050,15,0
30,51007,4820,3,0
38,126833,7835,0,0
36,138637,93167,18,1
36,140721,13587,1,0
42,113220,57732,8,1
39,46393,51921,12,1
48,77480,45499,17,1
34,137243,6840,15,1
40,108290,65077,15,1
49,124263,31440,9,0
27,160179,35183,8,1
27,25993,96172,10,1
53,113650,2389,3,0
25,137595,55076,9,1
69,72066,66299,2,0
37,131850,89461,5,0
49,62942,92085,2,0
67,36138,39023,8,0
31,138558,50029,2,0
67,195599,39941,17,1
45,29190,88993,7,0
63,112259,53950,7,0
69,98422,86959,14,1
41,102315,76054,12,1
32,49086,65363,6,1
39,168394,61742,18,1
47,145604,97896,7,0
21,120814,45215,9,1
30,139324,47857,16,0
40,148921,55476,0,1
25,23435,28173,12,1
35,121505,9395,12,1
29,73331,59768,15,1
48,180014,84743,8,1
31,180131,46229,9,0
51,133457,26639,5,0
35,72389,62583,4,0
51,73014,28924,1,1
28,183898,72969,10,0
58,50297,30104,8,1
29,63890,37594,5,1
66,41322,3664,7,0
32,55739,10528,8,0
48,160791,28190,8,1
66,99553,66033,7,1
46,28314,61161,11,0
43,113831,73177,7,1
35,95164,70179,2,0
49,127658,70592,12,0
39,97028,32899,18,1
55,56113,70979,1,1
34,137174,17241,16,1
40,166429,46211,15,1
41,40365,63472,3,0
67,59029,74248,17,1
25,21737,73757,13,0
58,151042,31346,1,0
23,105474,81196,12,1
22,98218,77124,19,0
61,178571,42220,16,1
46,148692,17942,14,1
45,197229,49167,19,0
28,148411,36373,4,0
18,192106,67143,6,0
60,20294,2016,17,1
36,44596,69110,10,1
26,118185,46309,17,0
44,31434,7274,4,1
51,78382,15748,12,1
61,58098,20175,17,0
21,24655,11826,1,1
53,103029,83008,19,0
35,66228,34129,3,0
32,23771,70009,12,0
68,94099,23490,15,1
30,140811,41435,5,0
36,82257,75017,7,0
66,37558,8520,15,0
23,78436,91951,12,0
65,127779,83106,3,1
29,144891,61877,1,0
68,52376,19798,8,1
54,97924,54638,17,0
34,49332,69072,16,1
40,151001,67309,7,1
43,66737,29894,14,1
46,150912,62963,8,1
50,109031,54567,16,0
44,40991,35326,1,0
42,47472,55059,5,1
27,79946,5079,4,1
64,177921,25838,16,1
40,21541,87340,1,0
38,149237,47109,17,1
38,22765,85211,9,1
60,63074,25594,9,0
30,122795,42749,5,0
54,180355,36292,11,0
50,121387,74534,16,0
41,151841,79233,12,0
61,168878,51818,19,0
28,22972,13429,15,1
34,169328,57748,9,1
21,123903,48807,1,0
64,169725,7140,1,1
42,123579,63226,6,0
47,59339,14901,5,1
26,176829,88815,0,0
38,123376,28525,11,0
37,62399,20491,12,1
36,64013,68816,11,1
36,165778,34980,18,0
29,189303,95525,8,0
54,47909,8078,9,0
59,177541,91654,16,0
34,152385,89521,17,0
54,158919,48704,7,0
65,161002,16997,6,1
56,23285,79810,8,1
45,143637,868,9,1
58,55863,26398,11,1
52,167776,81578,14,1
64,169777,97356,14,0
65,151627,21246,3,0
35,41323,20561,3,1
31,90968,16254,0,0
52,73915,34512,11,1
61,129543,89532,1,1
58,161691,94154,14,0
24,128500,77395,16,0
58,172297,57865,6,1
30,131266,23580,5,1
35,46739,70959,11,1
54,198780,72144,18,1
30,148041,42485,0,0
53,73019,50621,13,1
48,27373,50665,3,0
19,186353,70412,4,1
33,40187,50603,0,1
26,87863,21038,0,0
26,117927,93542,5,0
55,104085,96346,4,0
28,137996,14325,1,0
39,59220,35892,4,0
50,150503,1753,8,1
53,27642,95067,18,1
62,99971,17996,14,1
40,75556,68811,12,0
62,184832,74283,11,0
62,58192,45211,4,0
51,155453,62820,1,1
26,170630,824,3,0
41,50782,13880,17,1
25,24782,66617,9,1
24,170534,11517,12,1
53,80030,21683,11,0
35,76411,16876,1,1
20,117469,56354,14,1
45,66950,73802,13,1
23,153595,76719,9,0
61,160749,86602,7,1
61,166161,78413,14,0
38,155653,9982,12,0
45,162979,74504,7,1
57,156681,26598,13,1
18,70539,14639,0,0
53,195215,70210,12,1
38,42936,69852,7,0
60,70182,9695,17,0
52,131259,48582,8,0
30,115042,31094,12,1
66,33163,60635,2,0
27,197129,22187,17,0
61,163609,1214,9,1
64,42419,23940,4,1
27,193650,44406,5,0
63,141211,91221,7,0
30,142762,43481,6,0
54,20834,15977,17,1
55,52214,44839,13,0
41,22413,57874,14,0
19,29505,58414,9,1
39,122802,25538,11,1
34,153177,56241,6,0
53,148303,73501,6,1
31,134897,75133,10,0
27,78408,60481,12,0
52,188751,27740,14,1
42,136908,63328,17,0
20,99731,72105,6,0
64,85131,50643,5,1
55,84280,11881,10,0
34,35762,36996,7,1
29,137798,32177,19,0
69,136854,37177,0,1
41,78703,66126,7,1
46,83079,56531,7,1
60,41577,26119,18,1
42,21214,27915,2,1
53,106339,2708,4,1
43,68114,38749,2,0
55,83230,44989,14,0
18,184052,22106,13,1
37,87194,17131,14,0
45,132333,46553,16,1
33,57792,58144,17,1
64,65807,6553,1,0
34,145266,17881,11,1
57,173373,1379,15,0
45,156213,90791,3,1
29,124292,69306,1,1
44,142984,19726,13,0
59,33777,9088,10,1
64,58346,34314,12,1
47,74703,55041,6,1
58,114977,16350,9,0
51,67819,99599,0,0
54,179541,81397,3,0
23,154917,79509,17,0
24,130186,17769,5,0
49,43290,47249,1,1
49,132551,82862,2,0
42,181771,46365,13,0
50,195324,50185,7,1
24,118682,2786,15,1
69,154365,1620,18,0
29,138017,36303,17,1
33,139496,19589,5,1
33,77089,2882,13,1
60,167680,62248,2,0
53,148713,49322,15,1
30,36619,24524,0,1
24,98006,9745,11,0
53,34779,15861,13,1
64,41630,91707,18,1
68,125575,91735,18,0
26,135436,54261,8,0
49,163250,2837,6,0
28,171007,74135,13,1
25,198330,81447,4,0
50,42784,54380,17,0
40,174099,86089,8,1
42,132167,49831,6,1
25,87359,89349,8,1
62,98608,38255,3,1
39,35111,29520,16,1
21,183384,29541,11,0
57,44161,65772,5,0
20,138920,27350,17,0
46,124823,44397,7,1
58,145014,77085,14,0
46,150466,63865,2,1
51,87313,55956,1,1
51,175086,27453,8,0
45,100308,62345,7,0
30,66389,12906,3,1
32,169233,14988,1,1
40,127800,27723,13,0
61,158562,33800,1,0
43,139547,39107,1,1
21,44502,27430,6,1
43,55757,32535,11,1
57,61111,68476,5,1
26,118273,87329,17,0
22,78645,77798,3,0
49,130218,52284,18,1
37,79055,56232,12,1
67,139815,44420,19,0
28,160070,37710,1,1
32,179978,72497,7,1
49,121026,92035,18,1
45,90192,40498,8,1
39,187973,31283,3,1
58,72021,66169,15,1
34,49092,72358,18,0
43,152314,62457,9,1
61,126843,25968,5,0
24,152903,62508,15,0
59,70721,63220,9,0
43,48511,85366,12,1
42,92782,5738,8,1
27,117003,3098,6,1
62,169374,95424,3,0
36,75568,73633,18,0
28,154304,78672,3,1
30,122062,38244,18,1
25,124301,8253,18,0
57,71507,54333,11,0
21,144277,50969,12,0
64,149999,90744,3,1
48,120128,70423,9,0
45,30683,44411,6,0
28,43664,75028,4,0
60,122364,35421,16,1
18,184244,1454,17,1
66,84340,17522,10,1
64,107236,38575,14,0
69,31017,3192,6,0
55,56613,55268,17,0
41,50348,81311,5,0
64,167520,10402,17,1
48,29491,78610,15,0
58,141070,80781,1,0
63,78759,36527,18,1
67,195625,52181,0,0
43,152040,91472,10,0
66,20368,27002,19,0
67,55010,81219,4,1
22,55851,12460,15,0
37,142761,30482,0,1
69,176568,16447,18,0
58,147152,48228,13,1
28,182008,83265,2,1
50,98858,50126,1,1
67,87005,20545,4,0
55,57493,55114,16,0
44,187462,93740,17,1
51,30292,75350,0,1
32,112377,57801,14,0
49,179437,13890,8,1
38,168279,52482,4,0
63,121735,63397,12,0
22,42912,1740,18,1
23,100771,30121,9,1
55,127293,11218,19,0
39,119083,71591,13,0
35,133655,88241,11,0
31,170348,34722,10,1
27,117459,49431,6,0
63,156606,51543,16,1
30,186742,42000,17,1
48,131695,71975,6,0
47,187558,30921,19,1
20,54268,99265,5,1
47,127338,88747,10,1
23,46336,30614,11,1
46,23641,61189,15,0
25,107132,17601,18,0
61,52959,93332,18,1
62,164378,71543,10,1
60,197254,20514,15,1
61,94123,83312,11,1
50,41498,67612,7,1
34,90198,90886,2,0
65,47197,16292,1,0
28,171791,31510,5,0
30,128775,28000,15,0
67,45032,30383,19,1
28,79624,11785,14,1
48,98177,40910,13,0
45,61964,39028,1,0
61,181100,24855,19,0
23,131030,24281,17,1
58,74646,4841,13,1
33,101187,97204,17,1
21,159608,60155,1,0
52,137399,26918,0,0
65,76747,56313,19,1
43,65712,17443,1,1
29,157345,32250,8,1
28,91820,1922,8,0
54,145342,31976,15,1
42,111228,11991,10,1
35,94353,53744,5,0
36,112091,22733,11,1
40,105914,2473,2,1
55,126718,8108,11,1
35,168199,28715,0,1
43,31539,32210,8,0
23,197833,37317,19,1
21,66219,65516,5,0
61,165764,33362,10,1
68,33334,54604,2,0
46,179687,4889,3,1
51,27903,89557,9,1
34,179599,73748,18,0
60,166701,31971,5,1
60,78008,50551,0,1
33,119318,3201,7,0
19,177780,89882,7,1
51,161932,37958,5,1
25,168510,79251,16,1
30,87300,5681,18,1
59,149263,46870,0,1
25,40842,82256,14,0
47,62372,67203,12,0
49,134316,28152,2,1
53,118971,50061,1,1
64,58744,57619,2,0
47,136082,58235,8,0
18,77442,73740,15,0
60,149070,37890,12,0
56,105990,90073,18,0
34,141670,61401,17,0
37,126917,11217,11,1
41,23650,48351,11,1
67,65117,33741,0,1
39,111244,20654,19,1
46,23190,61314,7,1
39,68113,1408,16,0
61,159861,42903,19,0
26,52125,84208,6,0
54,150000,1218,8,0
27,168531,50572,16,0
53,186490,58798,9,0
54,131904,30105,3,1
45,198157,69634,6,1
45,38768,65063,6,0
59,101099,7619,7,1
60,178957,11939,7,0
38,107421,18226,15,1
41,26895,25322,11,0
59,91017,58215,14,0
57,43932,16878,7,1
19,41360,6560,8,0
25,74847,38278,2,1
65,110365,36212,15,1
44,105468,94835,14,0
39,58931,73079,3,0
54,75823,23946,19,0
44,58032,31740,15,1
46,38807,7253,9,1
20,162839,79311,10,0
61,159143,32813,4,0
30,73413,64331,10,0
62,177221,27632,12,0
27,35540,48365,14,0
53,90248,67593,5,0
26,130494,33431,15,0
44,105435,37436,14,1
51,39787,18413,10,1
68,40982,95761,19,0
18,42606,38485,1,0
49,161222,68232,1,1
42,132223,16101,11,0
46,66936,8831,15,1
24,113286,84583,18,1
66,159665,51897,1,0
20,168430,5004,16,1
37,57381,88241,13,1
37,141465,45924,15,0
47,48074,21509,4,0
52,171667,37170,9,1
52,64194,43555,16,0
66,46853,14662,12,1
56,93719,65930,15,1
44,171733,47403,8,1
43,138724,36365,3,1
31,187567,62188,15,1
34,33703,76060,10,1
35,181887,98633,6,0
62,180637,26673,16,0
69,137491,63471,12,0
46,78453,17156,3,0
37,108478,57287,13,1
44,53161,1645,9,1
35,134296,59076,9,1
21,160788,94585,9,1
18,53349,75351,11,1
67,67098,50151,1,0
18,128435,67384,8,0
43,151204,99865,4,0
62,71990,33541,7,1
37,88921,72847,13,1
69,187610,87099,6,0
40,120572,80739,6,1
27,27213,50955,8,1
28,144693,9290,2,0
58,195295,58942,13,1
58,111655,82667,16,0
22,88371,30143,17,0
18,88274,24509,11,0
34,127853,87780,13,0
39,24134,36741,12,1
51,111428,26898,13,1
62,59601,99919,8,1
58,93889,85674,18,0
46,35690,62948,1,1
21,21909,61768,10,0
22,111239,43262,16,1
28,100032,5506,1,1
68,32062,20605,18,0
38,95386,78590,6,1
52,185803,28231,17,0
29,156225,79397,12,0
43,161553,77123,4,1
68,119270,13515,17,1
36,86425,87211,15,1
62,104981,38622,14,1
24,124470,16600,7,0
64,179277,27892,14,0
24,108887,83279,0,1
43,101542,69310,16,1
57,195221,21801,14,1
22,69112,37695,13,0
38,162012,28853,13,1
31,79010,4429,9,0
21,44485,4606,1,1
40,109299,4478,5,1
59,125584,83816,16,0
37,152139,40134,4,0
32,40607,69963,4,1
67,81597,70897,14,0
69,94554,25475,14,0
62,199593,66177,19,1
46,35187,21730,10,0
25,23985,21113,4,0
58,194124,20011,0,1
65,170635,55746,10,1
36,198394,42853,10,0
65,71514,85195,5,1
56,38608,36818,7,0
63,91327,37321,1,0
45,37221,21309,14,0
63,68506,18688,8,1
44,40968,28176,14,0
21,147677,68879,7,0
32,179009,67592,15,0
52,192903,84728,13,1
54,194005,89012,14,1
18,198379,9416,19,1
20,199412,39994,12,0
64,122951,66422,8,0
41,128306,8584,0,1
44,63601,93302,5,0
57,92178,18830,7,0
53,179826,85825,19,0
51,194382,77066,17,0
46,89893,3591,17,1
41,106799,93878,16,1
41,68367,21395,15,1
59,33201,54182,12,0
21,153811,16738,3,0
20,33231,2631,3,1
51,193567,17905,13,1
66,172240,19056,4,1
40,183696,89082,15,0
69,161707,35447,13,1
40,29964,54418,13,0
62,178857,37190,13,1
22,32336,26014,13,0
48,97475,72999,18,0
58,178484,50278,2,1
23,102212,1780,16,0
54,95379,91643,13,0
27,65591,59258,9,1
57,81750,97123,12,1
24,110648,42192,3,1
56,116134,59300,10,0
55,186526,90504,14,0
38,118537,99129,14,1
37,82672,43923,1,1
20,47228,89196,10,0
68,34429,2395,1,1
39,104294,97384,4,1
64,135577,15779,12,0
21,108074,71028,0,0
45,88936,29722,6,1
29,77378,7111,6,0
55,57310,9984,9,0
68,121827,97552,5,1
53,186328,93176,19,1
64,119862,72328,11,1
58,58889,26924,12,0
22,71428,52703,10,1
30,130502,32577,17,0
40,188279,7711,1,1
67,70255,85548,15,0
47,125824,99869,1,0
54,25409,4096,18,1
42,62438,66555,5,0
65,27869,89848,0,1
44,45958,75012,10,1
68,170840,8254,17,0
31,177217,97955,9,0
65,95622,77120,17,0
64,46442,5965,0,1
53,101948,77000,18,1
56,45596,77975,15,1
33,95791,57987,6,1
39,62406,32963,14,1
38,60524,93976,0,1
38,174404,3273,8,0
25,130160,15330,1,1
66,166836,21494,16,1
33,178635,76422,9,1
48,187442,3212,5,1
59,25062,83441,4,0
27,64645,87594,7,0
49,142759,1080,7,0
51,27244,32675,4,1
26,157444,22007,11,1
34,105501,82641,6,1
28,137450,95815,12,0
49,36956,46815,12,1
27,191545,83482,16,1
39,164966,639,3,0
34,36709,63593,17,0
21,138428,78038,9,1
65,35210,93899,2,0
69,122081,3736,11,1
64,189746,16473,0,1
42,120025,34019,10,0
38,168805,86623,17,1
54,171152,94025,12,0
55,144476,36820,16,0
66,190781,84861,7,1
18,79846,57589,19,0
42,85480,65807,18,1
68,72960,18414,16,1
53,192224,24220,1,0
34,178322,60531,2,0
58,105765,42425,2,0
41,137265,9387,5,1
19,68137,76815,9,1
57,138922,27584,17,1
32,141280,44783,17,1
49,197484,39809,13,1
56,63876,54327,15,1
23,114547,10857,6,1
18,70227,42261,0,0
64,183522,73588,16,1
40,104433,16995,4,1
56,93704,13580,0,0
34,26861,18240,16,1
51,81914,83446,9,1
58,83888,75752,11,0
46,99286,46111,19,1
26,81293,90447,1,0
30,88515,34866,15,1
23,174596,80974,14,1
23,27065,73401,12,0
37,188756,82093,17,0
69,108720,12211,19,1
20,184437,58985,13,1
34,78876,33268,17,0
66,174776,3646,1,1
29,156694,55371,1,0
65,103797,42816,2,0
64,111141,89460,4,0
62,122390,44112,15,1
18,116856,51048,14,1
34,86201,54911,11,1
20,183766,75446,8,0
43,109766,1778,13,1
32,42995,45752,15,0
53,112320,84977,10,0
49,100141,70726,5,1
49,159491,80840,9,1
21,199024,27289,7,0
35,184909,44788,15,1
66,90799,4747,2,0
36,199949,74822,1,1
60,65687,45,15,0
69,57276,95278,18,1
52,54523,7758,8,0
57,74615,23437,15,1
31,30514,19585,3,0
50,67456,98759,9,0
31,27233,9854,18,0
51,21102,52076,12,0
21,86133,56950,17,0
41,66715,17349,14,0
46,130545,96228,3,1
36,124085,21348,8,0
23,129101,34296,3,0
50,157328,19455,15,1
66,128684,78824,14,1
57,84800,54021,1,0
36,114937,71923,13,1
18,61548,39293,2,1
22,193439,99430,3,0
44,148845,88552,0,0
33,133815,46116,8,1
23,147602,40484,16,1
57,146270,30215,13,1
30,146320,81638,16,1
65,177277,3404,0,1
52,45570,37260,9,1
36,181327,65642,15,0
29,41182,80731,18,1
33,59373,46009,2,0
60,63019,92689,11,0
27,36043,29605,2,1
42,196604,53205,14,0
37,39239,37569,16,1
48,161488,5580,17,0
21,154484,5400,6,1
61,101976,39643,18,0
40,44406,96185,6,1
19,21875,96032,4,0
39,188138,86173,7,1
68,156824,39015,15,0
54,152425,71713,15,0
25,178058,72805,18,0
24,34691,14974,14,1
31,68075,14037,6,1
20,30794,84292,4,1
67,167478,16167,10,1
33,95930,88754,9,1
36,177944,90703,8,0
68,61708,43148,0,1
35,135492,72153,19,1
69,126629,21534,0,0
33,171872,90995,7,1
25,194469,86078,2,1
50,143313,56879,1,1
66,188981,65839,3,1
29,41352,29756,18,1
28,121975,12683,10,1
22,113848,49485,4,0
44,166510,98231,9,1
29,64999,11025,7,1
34,38482,86426,12,1
23,183543,18715,4,0
50,67279,70097,11,0
22,129413,98383,12,0
45,74213,92943,7,0
31,133909,87116,14,1
22,33026,75705,12,0
50,105184,17116,0,1
67,25435,36744,5,1
65,159565,87579,10,1
58,79321,2124,12,0
36,153835,38051,19,1
39,40389,7176,0,0
22,51498,91310,10,1
19,83755,64818,10,0
47,121545,18676,7,0
64,55825,45177,2,1
56,36934,90296,18,1
21,25574,997,11,1
50,150698,59330,5,0
30,189251,43769,7,0
37,152659,78653,4,0
24,62782,11231,9,1
32,80561,95287,15,0
40,155481,72976,11,1
31,147159,85447,16,0
40,46751,55965,5,0
36,58174,81144,8,0
46,142678,95201,9,1
37,76572,61517,19,1
46,81416,92693,13,1
41,163113,94315,13,0
35,174299,95504,16,0
27,55201,27387,15,0
58,56069,4090,3,0
25,46370,24945,1,1
43,145342,40239,15,0
46,162658,3743,0,0
27,145758,30924,2,1
34,156394,10196,10,1
19,85294,91815,15,1
23,99468,68860,17,0
22,180371,41400,14,1
45,110715,85177,8,0
58,90793,93018,11,1
22,197573,98530,17,0
35,131672,80399,4,0
43,160849,48795,7,0
37,162321,51553,2,0
58,140902,24111,1,0
66,41390,63083,18,0
44,40369,61600,7,1
66,163953,50022,1,0
29,29587,3199,18,0
24,127009,50897,0,0
20,158905,38038,12,0
27,67013,55038,19,1
51,137341,7897,16,0
42,147785,64541,2,0
52,166826,14892,8,1
33,127584,8271,4,0
19,98113,24815,5,1
41,106784,45612,3,0
27,55282,33357,16,0
55,187809,75088,15,1
39,44124,16267,15,1
43,90102,18268,10,1
60,153268,14263,1,0
56,81527,70935,16,1
44,150371,95347,14,1
46,150942,59660,17,0
64,116651,65527,9,0
55,105395,63379,5,0
37,31345,94542,15,1
44,144544,41271,4,0
58,54077,66612,11,1
37,150429,7235,5,1
61,32055,88757,13,1
36,123693,16417,15,1
37,105283,98075,6,0
52,64484,34609,1,0
64,97514,33902,5,1
19,110135,23645,8,1
47,55771,62873,6,0
51,197612,87218,1,0
39,130284,64558,18,1
20,137399,62233,7,1
23,124885,23401,10,1
32,180449,7771,3,1
44,193805,41335,15,1
27,149344,74451,17,0
26,162832,79434,12,1
50,133226,67449,4,0
49,119250,92604,1,1
65,45762,1942,10,0
23,185404,20388,0,1
58,191172,83251,12,0
53,156016,57042,4,0
19,68825,53740,17,1
46,33877,65873,13,1
21,181062,47024,12,0
18,149065,23450,6,0
36,128443,56965,7,0
43,119612,10057,17,1
42,137674,93249,6,0
27,135074,8983,19,1
32,154330,19995,16,1
39,51629,91628,15,1
68,188651,77681,10,1
65,174030,38886,18,1
38,190537,89025,0,1
39,35775,96572,7,0
53,185279,95149,0,0
51,173625,94020,8,1
47,20055,2673,18,0
42,108697,34890,8,0
62,183945,77513,9,1
45,121505,23466,10,0
18,100720,92545,0,1
66,98199,50406,19,1
62,176390,3688,7,1
21,53734,69284,19,1
24,169594,13665,11,0
66,162728,20641,0,0
26,166965,32500,9,1
53,36493,35797,3,0
36,154704,84766,14,1
